feature1,feature2,feature3,feature4,label
0.5399571302805596,0.29805220863944315,0.23814665366569632,0.9457497022259301,1
0.8420332943764213,0.10536492225085647,0.9084345518793753,0.3129195480288226,0
0.5209579772720422,0.7818238633449356,0.4680690542342901,0.8585064545515545,1
0.6235856880027597,0.6441492214759159,0.4662994129398188,0.13168690343620704,0
0.08912443211601662,0.04818601239329623,0.7605756424552823,0.7050409063535927,0
0.7552704204968079,0.36005046590097833,0.1544922040049258,0.7419777295139859,0
0.12771348363523483,0.9567998154842862,0.4872653541000508,0.6777232412013204,0
0.8260676302525284,0.5004011457102012,0.4299852141210597,0.252314736135153,0
0.7820280876703859,0.43272913601970464,0.5969106905466561,0.8730431470152034,0
0.7087446977429764,0.457699605159294,0.9995577032504386,0.168858463370395,0
0.036160380524762115,0.20888272400516372,0.7694488940820471,0.05363479152083084,1
0.3031283559453286,0.3687071708647952,0.3978657030174272,0.7174649906119122,0
0.26311256991084286,0.3698132559871766,0.827553052274047,0.4754757152327337,1
0.3601364074715191,0.0523550201874724,0.17070836331248018,0.8490980199586761,0
0.08764274676383854,0.7675676285179183,0.030463686308960125,0.38339714105825895,0
0.9369578230310628,0.416504431903879,0.20444837246427305,0.16827858850771282,0
0.5538022407123763,0.8221798868164233,0.34041155611425966,0.8364421924698697,0
0.30552431065802355,0.8503480011198954,0.5105807574595599,0.5489096316400717,1
0.3969815170742834,0.21199405469865806,0.6151291405411998,0.1891957923903549,1
0.44720254050483565,0.6573534821701286,0.9106057172144217,0.7203839985864458,1
0.6005943333606173,0.4722818041629817,0.5098540095504577,0.5111136384895005,0
0.5156794276964978,0.8801567379214851,0.5012756446257294,0.6043129822403198,0
0.9193919732144173,0.21574067917645412,0.05024300982298213,0.4608983382065819,0
0.49696348290583026,0.6778132003100442,0.03491155265622381,0.8287089838180064,1
0.9921580148233127,0.6077521222527226,0.5511599619163721,0.8295627156830498,0
0.8514249577450957,0.2953014775718328,0.4381786132483445,0.7093888218243862,1
0.2085105143573358,0.1366009036511726,0.8391803949802986,0.10540137739646227,1
0.9305952146439163,0.6516397604772766,0.16067958471184518,0.8388538619040689,0
0.11636639788547609,0.7385974581323307,0.024971662117049598,0.6710129805329098,0
0.8174497084911916,0.31562734376335,0.44903876793012587,0.6970241660042995,1
0.3806232934765801,0.6448326040223138,0.23747855675225749,0.36298284040387163,1
0.8779743204450695,0.39513090761150327,0.04961437333883745,0.8792795561570067,1
0.8680566901074503,0.7132068832826177,0.724598286847629,0.7253716002348575,0
0.8059254001176211,0.1992152748940531,0.11159299995724747,0.11259046652919447,0
0.7900304363070614,0.8902150026361744,0.6083195000077717,0.40777803440616267,0
0.3046791390980408,0.28740959646557973,0.28104975016688916,0.8863803619601417,0
0.08091928305125218,0.3677859877561529,0.17349605035502202,0.047196701697378995,0
0.40298017876516146,0.058091952080349785,0.37975152291931746,0.9614166196420495,0
0.17352451498650867,0.1115122123212764,0.8014457762229537,0.6791625683195628,1
0.6949510889024617,0.5158619027123281,0.3920935769045727,0.6313759776433766,1
0.34609972653778553,0.2675926767279715,0.7507696492110557,0.2705592564879914,1
0.9756102008599149,0.8354802257421944,0.1254862967991507,0.24879178873917707,0
0.640972077345332,0.014693388654953843,0.7727714196650791,0.9420582194885955,1
0.822480563634361,0.3790940486719362,0.23693332490664865,0.29827245423412274,0
0.13252467274184843,0.3373455467690927,0.6773931298888728,0.7755052967189994,0
0.8620144822726226,0.019327630917601035,0.5657815548409963,0.39312179820707915,1
0.9227571905133943,0.12436839900051022,0.9291447172116873,0.13925407078470398,0
0.4870619188189359,0.41364267491863527,0.38732251797531403,0.01071529769535895,1
0.6062529377509774,0.49286458444744663,0.06616518883444045,0.5442573370152508,1
0.7648098009029954,0.4042897472548691,0.019155485551252904,0.9757788185489327,0
0.17483862726041255,0.5309376784120938,0.8268585609727531,0.3691361938092045,1
0.5025660764634424,0.5951316749056815,0.5247356376614322,0.35719233399304484,1
0.3986630277723131,0.00992382112783563,0.7752440518349493,0.3440916178494421,1
0.1463739921622491,0.4640951594535039,0.2344256000115147,0.5205438373048584,1
0.36753442229153144,0.9634992408875883,0.34508374551323373,0.44066488342429355,0
0.06817230938549357,0.5190322801295487,0.03010387221131894,0.8799146267270145,1
0.025811906949486985,0.6775422674589532,0.9614923245741122,0.5055207917234903,1
0.13516628915482276,0.3118638579168832,0.6678679067008134,0.5077578381885688,1
0.9631151115891738,0.7739913781527625,0.9332050877593062,0.1383715947205566,0
0.549529535895017,0.7729214818761151,0.2654964074290723,0.982739540910386,1
0.96582216115322,0.521296047654139,0.6114636112256608,0.24997289086882968,0
0.432497878330132,0.9760138232792136,0.6784999682926378,0.07336406745960267,1
0.3118161330852596,0.12555021476265338,0.31754970025758844,0.6631462489752088,1
0.5061418628402441,0.016947664889580993,0.8481092350156301,0.5953663701568727,1
0.4395116886329101,0.770158211757096,0.9471614629002478,0.4151456539927457,0
0.10566468426174391,0.8071555373648825,0.8848551176960043,0.42219223388067806,0
0.6408263146902062,0.12020722912057624,0.7390669759393725,0.7850639210464312,0
0.2160381825095996,0.2655828329586061,0.27746467972495403,0.19571264009964906,0
0.6195879548978296,0.01755236336662891,0.28161604210563174,0.8202533189448897,0
0.6502010923981534,0.2933086107805647,0.9633603204460379,0.6487471138950182,0
0.1520248531286481,0.7731418739186715,0.010284495935692028,0.4189697737795244,1
0.06134962711066816,0.5179605277125789,0.7160499732421445,0.4580286165838686,0
0.7807615860684398,0.3480955931682881,0.7062461625552622,0.2566472071860958,1
0.4598004237693202,0.3717392949063303,0.6226895409497974,0.7521143326969748,0
0.05816379550547579,0.0013536257154681541,0.9901088460868658,0.5128747423052678,0
0.9948663171697671,0.2998005275652359,0.31187943576372523,0.3208545427498436,0
0.05778056099636664,0.6464587416379305,0.3399718637932482,0.5960501157609502,1
0.6950352288585532,0.9741944438163571,0.07893940294655555,0.995734452051323,0
0.9836789252634136,0.8470608269838995,0.44279813654373745,0.43526227965655384,0
0.23918010421592562,0.023594964645529126,0.2610485262348481,0.9206914007786196,1
0.14224936868719618,0.8985606046748393,0.3433867021776442,0.3450168399245661,1
0.1213849394224289,0.7831984132986259,0.8345717902556277,0.054732706924985886,1
0.30327514756759555,0.7803761235709804,0.9354845135274957,0.20424210636842888,1
0.10104581101064669,0.4579957590035715,0.18573307200518563,0.4186951433276842,0
0.6921613416941319,0.3980052929545028,0.37250893155346587,0.219634928594569,1
0.06229179813006269,0.3029157288331926,0.9286305621153941,0.0002270382182555375,0
0.5094221281497897,0.06569485895436578,0.06180846068922263,0.9150015377475272,0
0.9966968538529768,0.2282353634936991,0.09236052811137851,0.843879411230929,1
0.8139702695060188,0.24660363497802462,0.16279098920622936,0.7422922314869471,0
0.6152194382310109,0.4840770697102016,0.5952128341268748,0.16781459564602863,1
0.30625362078661167,0.747444406596694,0.15047227100599747,0.12036357620998606,0
0.6238958362916385,0.4738098283979466,0.9680763814507335,0.06760474947238315,1
0.5270414639116516,0.057844449447160606,0.44671452725852034,0.7240291887729212,1
0.4260833838903715,0.9577898009882039,0.5015179603501664,0.9288079606878853,1
0.13071037674019947,0.9427243190941123,0.2466586158054065,0.430535820913037,1
0.8866042152404667,0.7851895431484084,0.4709602524347335,0.11914067199604816,1
0.4497846488213225,0.9913279015642206,0.6619136326370115,0.5123928207321066,1
0.19462251182076507,0.5444823328002629,0.7511771369540428,0.34883190745863013,0
0.3677593508772896,0.9627683502532061,0.753868082709913,0.3748249243499977,0
0.41412975252892703,0.07560504061675077,0.5778911126940883,0.6213306241557073,0
0.8275378955668743,0.3656807482613713,0.9043597749938572,0.7187181132622024,1
0.733614380561402,0.22538126800676583,0.8174078473061094,0.11060359887316085,0
0.7693048936413398,0.19583308413427003,0.7570481146986254,0.035590230806476386,1
0.011031264428647214,0.14080294889267608,0.05560552168046062,0.9943303026857149,0
0.4161539981797615,0.6224136415659967,0.006877962219649314,0.23272834891555183,0
0.4813441516353236,0.7813218557473051,0.21244727719547296,0.053830524908459076,1
0.019192276823056686,0.5782983994203607,0.6635235939134523,0.18987532909591998,0
0.2598132087450342,0.14696270958820967,0.4111974888825458,0.03895784634846422,0
0.760289823122135,0.8111237699334709,0.40240625929931173,0.39181089461717167,0
0.13710970572899905,0.6359547071637285,0.8845868882296137,0.8024017844513243,1
0.5353101314525917,0.3881657061269955,0.8955628481318387,0.3412444497577206,0
0.2152018720172375,0.674130295536063,0.9091752640535857,0.44418340687836655,1
0.012120774643893273,0.25990497924283285,0.3138780765150273,0.6755867735674388,0
0.24120145759954148,0.3451922084942105,0.6910558127392618,0.5088940700698802,0
0.9758737549100538,0.9174858431319902,0.27163318127436964,0.8614456860213242,0
0.8015371118829896,0.2905045056714204,0.19060983307444979,0.8660356750457565,0
0.9595766443210334,0.4699882681579366,0.18463245734736922,0.009910695491153643,1
0.48785404392636245,0.8901411373960146,0.34210762086359403,0.7780463064831992,0
0.1097361986775035,0.7077213502675275,0.4299576197798217,0.46073360024167387,1
0.547959488973693,0.06220322616470275,0.8309491710550684,0.9888405413036631,1
0.4543773345599609,0.14730304427897034,0.1198910934727121,0.48323207587543515,0
0.844357082739616,0.007841590771916818,0.7349258473948942,0.9868959453882975,0
0.09808258078424459,0.6309217902291634,0.5314549141893053,0.7545693612057366,1
0.4882411370217782,0.4476734254104183,0.2879453426759925,0.24860488461330632,1
0.15004866469398426,0.13427485090227553,0.4928195845328246,0.5383949792869577,0
0.32467592689006,0.9579341210567704,0.29994206977702265,0.9921356394785827,0
0.7373570773877997,0.5296597239456199,0.596081955238306,0.8575306077519237,0
0.47601812936876653,0.24189329411288918,0.4338439228552442,0.0973668937912211,0
0.37588828514576933,0.5006035711547075,0.16440552907887873,0.7063719968099961,0
0.3944762785700353,0.6796203327351078,0.11658307455569672,0.34557958587081306,1
0.45944676840598664,0.07623921797356448,0.5466956820721302,0.006982261880348117,0
0.7850165438370569,0.274703815047892,0.9024130332861034,0.4034809690269996,0
0.8920846889402344,0.8069654908839936,0.34395768655768555,0.2347544217249713,1
0.9553346865039283,0.45966487040266124,0.7330001072226232,0.8188692705204715,0
0.7869033862552951,0.5465771420322949,0.658661354939767,0.3373306088457655,0
0.31540689574801273,0.43281600220946925,0.931554914309481,0.8275236939538171,1
0.6881347060865421,0.04389994264300512,0.8209810172991409,0.0005979388347953085,0
0.4376031240553919,0.16574977982015593,0.566605258905463,0.30781915002611915,1
0.2546706220460512,0.4455416387418909,0.6570304982341073,0.24116521430776194,0
0.8408715794259226,0.20918546540792782,0.8983864665840349,0.23356736106861098,0
0.038426348962324997,0.04997902865967874,0.3995187845869348,0.0681866197654627,0
0.9017619921354235,0.8436496640518237,0.32679470585777737,0.18712427041050173,1
0.46147746462473416,0.9811925291641158,0.010811083635196339,0.5555495698856199,1
0.6372014768082804,0.7931428739967394,0.8265510741914642,0.2913610728377445,1
0.6593539222057827,0.853784921704667,0.8009807004033649,0.41739478232914795,1
0.8951177407065364,0.24197713031704537,0.10445451810015138,0.3768668803471885,0
0.6366696821672073,0.9606269755131998,0.5768573811327002,0.8759049249998946,1
0.6139335847600618,0.19692570445342839,0.4639816981668874,0.9052989990105155,1
0.06665204056068996,0.9514298103618323,0.11870909550911146,0.49295697165586005,1
0.5184080219452041,0.994819293965951,0.9805682270607236,0.3301559503156044,0
0.15016900081704165,0.7117228057460487,0.21469588746335544,0.10680070400236363,0
0.7374337687214856,0.9811437317918219,0.06723418009056115,0.953402879382095,1
0.5122219208126745,0.5695397795671037,0.5948473795019096,0.06022694490029745,1
0.6802277792083533,0.25954178317609033,0.7388666771330327,0.29765027756828044,0
0.041672900602384266,0.43699588566562086,0.03244344604718696,0.29806620117000415,1
0.08479201604580322,0.593560935378786,0.6587176387270222,0.3204012861402149,1
0.7163233880626823,0.07308156202701499,0.5322918759514544,0.16428684327240928,1
0.07208433599867337,0.6223432646172461,0.10326500887504841,0.7831614309236972,1
0.0712567277652586,0.9811778367622945,0.17252387694636206,0.12249786196598922,0
0.01210847523488745,0.19010764978372763,0.5679742973160805,0.6349066591531628,0
0.9565013982994801,0.7925951162883833,0.2963576135132884,0.12384602670581746,0
0.737508359459007,0.9078987937796194,0.9383157286513161,0.07053563759295656,1
0.35325140850206416,0.9437015928202208,0.8187402294840508,0.9094295036858765,1
0.2965355812876552,0.9601356044054472,0.983567206513663,0.19012876631870568,0
0.34970322974584955,0.5214596387214719,0.259670838950414,0.8212501545597043,0
0.7746535311811819,0.9773079079915037,0.969723632797977,0.5446308711071358,0
0.6613706110704144,0.7573102071344389,0.43123386979155787,0.0778565196087696,1
0.18519556786746794,0.1616714362369619,0.3475187953137546,0.9554481914380675,0
0.17410933533408435,0.47690010646797,0.05034952696935324,0.24696116699189252,1
0.09839564971339732,0.718331175372004,0.05276525785960262,0.8596453453526065,1
0.6603027197013381,0.24734031581908333,0.6920112559466547,0.16881000578456418,0
0.7643726622217359,0.6406151835488874,0.4579289944340279,0.8539428821418529,0
0.265046428325004,0.6666004790466192,0.2265216260361057,0.013228812905293985,1
0.020944961030912812,0.1626997438085659,0.6139703063252326,0.5117804565694807,0
0.08217166747642735,0.5650853124527563,0.2528581182501112,0.7694425794215568,0
0.9678600348450305,0.7716269109786077,0.5776317543444226,0.9347955174927833,1
0.29544477747742026,0.4988956645359419,0.35920874698269034,0.909202136206487,1
0.7692231478381336,0.012103116776107425,0.823552226611819,0.8196248695476449,1
0.6246635688542638,0.009038469079292177,0.8206961607667793,0.8881913496613041,1
0.3819396396528959,0.3570293439700122,0.4773503981224013,0.1992196858370765,1
0.2056872621955551,0.926194068431782,0.3508191093350156,0.28418429571172876,0
0.12138641815940643,0.22867677960360877,0.36255979655909454,0.2889685249210585,1
0.6150129680388666,0.6343636888716871,0.8057145256682179,0.3770539310016988,1
0.774633780637788,0.22207587069332058,0.328179482797612,0.3933206703851887,1
0.6439042535411307,0.3216699896595486,0.20905937370684602,0.5445553246546755,0
0.5303021332491583,0.848042089601484,0.08468834187530683,0.15987976336644139,1
0.041951223431636264,0.7288614422699469,0.4666931208844084,0.6912466637859893,1
0.9684887775943838,0.09539927731321063,0.4821320989198419,0.1675665393045065,1
0.7987141916545746,0.4287020209864336,0.8409087104029072,0.31030848210454753,0
0.29282203670096474,0.029169763645264468,0.22123869644606398,0.503345130606154,1
0.9799703293588506,0.480890146603009,0.3809912736683999,0.7964405615234773,1
0.6018815896363221,0.6624340117010681,0.8084057388936909,0.7394692332387273,1
0.5824226582072465,0.11850262359815156,0.8236236107489735,0.6455343564105223,0
0.7480731794295321,0.28888493890916567,0.3846110759787682,0.15577326058017016,0
0.8117697880901376,0.3978366255021569,0.4591240232866809,0.5470453456155777,0
0.6564786073315027,0.9195310246560497,0.3032858908492829,0.08744650179988545,0
0.12809574636620003,0.993255015422964,0.9325548784193121,0.37736317679665077,1
0.3382675059944984,0.044911298995615856,0.11864376574158031,0.41351653028995916,1
0.9280836403260497,0.761007923495392,0.93374942300147,0.03981143944575383,0
0.22461561184385193,0.37172406640234323,0.6838664518353432,0.2739880994699718,0
0.3721670238375133,0.39245818622948003,0.5315721526867312,0.9556494672664894,1
0.432076882944196,0.7542649733470227,0.032659060784495875,0.9536326078296895,1
0.4394049896944522,0.9184264321454086,0.4755961918220083,0.3523270542525393,0
0.6129395824945255,0.9509285945025484,0.4077481050027323,0.043100108948324056,0
0.9430758377447076,0.5771225860383208,0.16121881197512256,0.17909493932818155,0
0.24069271183250496,0.3571211593005028,0.6564096035006569,0.39221779343354013,0
0.12150137630091806,0.7875490858587793,0.9711509073682858,0.9477796979692298,1
0.19747048985993731,0.25100138326230026,0.5621888110645251,0.14119906353718492,0
0.8869249002092695,0.5640740288335178,0.7147532764439458,0.7635158436682122,0
0.645810812655206,0.35857846152487316,0.06845045256601678,0.10868253937469208,1
0.28590678923916013,0.6566310737078761,0.41766699581699473,0.9812575773912768,1
0.8159469389686173,0.2403989128935069,0.11635848516449587,0.381616499109135,1
0.861369996363436,0.19159294573482577,0.6127958355365104,0.775234538899056,1
0.846514338690278,0.9182390866754371,0.9384821582141546,0.3425910828111318,1
0.9189265336395545,0.1018036829495369,0.6617777324716385,0.6276688771588087,0
0.2522410201733616,0.5059579077349317,0.07680304831442153,0.19201608474003673,0
0.7550419287462783,0.22085278296300892,0.35466620498508283,0.14602101929696254,0
0.46053949727414,0.03892996332566745,0.5506633794408515,0.9380641395681313,1
0.8419985528900615,0.03601881829142639,0.4032077561332522,0.9176472779044335,0
0.7284906771616132,0.17522177210582734,0.8336440104751723,0.8874689402128824,1
0.7764474464997246,0.8667703545060003,0.8146710047099892,0.6254334501665935,0
0.6561618376810715,0.28247874397702666,0.6118310201032214,0.8082682112162782,0
0.17742876946970687,0.9504591705752957,0.37345794513270525,0.06903693691137491,1
0.5450269188969383,0.5816222929891935,0.25533637376324414,0.33478904189067915,1
0.9846697395245082,0.4366141897687661,0.10587431821312931,0.3137031247571562,0
0.9373880664971189,0.5800888346694546,0.35489768348655404,0.6356453219526133,0
0.04317373579701167,0.5166983852262678,0.4131725172077195,0.3559577734706405,0
0.16481481572943713,0.7587762537573252,0.6758229251040736,0.1485067816436808,0
0.1317287734545619,0.28249606597285226,0.6581598242975735,0.5964670754135437,0
0.7259799099852955,0.3530503916003024,0.07010813964125695,0.8143839206690815,1
0.8177853298569451,0.8940943025332507,0.3952593154311578,0.3821234944599732,1
0.2135113663106719,0.9464565131504055,0.18177886721736192,0.1322687150984817,1
0.505852692951829,0.8925582274864745,0.1568127053168057,0.19668819731282305,1
0.8407030280112,0.4194479939573136,0.8273021497372459,0.23748330516938398,0
0.7328015447662506,0.7803655030068817,0.04191521671625753,0.2998975929945362,0
0.5422372054918483,0.4763357333010988,0.41918287590212133,0.6427950705063091,1
0.5903476904587729,0.4975398521461022,0.1682036557665182,0.600945484537719,0
0.50836054691628,0.20468010905728395,0.879330215678474,0.6960798615670392,1
0.2975484513188206,0.5911303032585165,0.5570405132750351,0.36250198453151317,0
0.5650219928590161,0.18613589775334793,0.23138063637684803,0.8239976518799783,0
0.6888853020500907,0.33156469906719377,0.5024272871663764,0.20408766115576027,0
0.8733229158608077,0.8550302016199351,0.7314863597031158,0.46904074751815394,1
0.6362913539792481,0.20707580921085522,0.9581180089194338,0.8009387215414303,1
0.761121537043158,0.07115828517343281,0.22044600424541894,0.18015864773261925,1
0.160071634954573,0.0690075926128163,0.8861817721293451,0.10986311374078295,1
0.4615574744197899,0.9407845205031079,0.9343041141674903,0.8836839676879897,0
0.009331619827093296,0.5069204379618346,0.9164205445320662,0.3429296627591959,0
0.24667886452162302,0.40941207181701833,0.6354143568619098,0.683870124909032,0
0.7264617151130048,0.8108785810079184,0.6298206544347077,0.02534860426393848,0
0.9918099513493635,0.835825927910516,0.4032106331838228,0.6900468884094496,1
0.0991780995872159,0.3321910331156046,0.7523978823037879,0.3161013115469705,0
0.40149431586128825,0.6936180574737952,0.5312940183509319,0.05574085358744174,0
0.8000709686991595,0.7711228158518866,0.6774380712282945,0.609812761548117,0
0.20403563462889884,0.6546506868659545,0.42845790384879545,0.24080381607317325,1
0.5550849493022862,0.15159507480009937,0.7314964640431391,0.38680724205188,1
0.7330712960296748,0.875883083517057,0.8244715176045491,0.08058081228651359,1
0.615985450260179,0.5390945527360087,0.14643625660281612,0.14716325109494532,0
0.18802473461541613,0.2824724263700037,0.832929715574228,0.29797723549584376,1
0.3553845686857394,0.4252281854376939,0.5402965317903072,0.08975950056015713,0
0.7837917844853972,0.03757109039890738,0.8446659090902243,0.9108262646863152,0
0.5542265141320166,0.12786680122241756,0.4313017063410146,0.006047043183978418,0
0.005229613542912737,0.7655467505158609,0.37904048538303503,0.4838602188643114,1
0.7609907600280938,1.1634755366141114e-05,0.9150607325172224,0.12324745813255145,1
0.03531135494023907,0.4165658284822922,0.2511692675484013,0.30767908947794853,0
0.7457337827312321,0.5225101810855884,0.8442123252861431,0.9260595598182655,0
0.2024805601652374,0.054634420000972295,0.4840205725094041,0.16169455327398685,1
0.9580734801193802,0.9730781629723328,0.5140954425512597,0.9658323197183326,1
0.3679407513020845,0.22612533124967193,0.308468281489484,0.2057943769894217,1
0.3269316163380791,0.30419871963628087,0.5730422006190157,0.7415661084668296,0
0.14888805033244468,0.30394251225502733,0.3252111962762113,0.5466772648973117,0
0.3056042154902149,0.2304166621173499,0.03926941424165231,0.8844787275967592,0
0.8766507618282006,0.001473822086311416,0.27199860534435605,0.5539932555031309,1
0.9963343376272473,0.7293447940879964,0.006379043406590679,0.5345592191563087,1
0.36830953050684834,0.9668454997992854,0.9783547870568566,0.1954580003683999,1
0.44861063095454257,0.22429348328504506,0.9657472098197475,0.16622936205165872,0
0.722070938202737,0.6630471918034224,0.39515529747230504,0.9164891511155142,0
0.8861957804650745,0.7418963269587151,0.728370854339646,0.32783819885003407,1
0.5930443341867842,0.8484253790905247,0.345806098410425,0.37208225496289593,0
0.39152569817782934,0.4226291970136091,0.671093157085976,0.7598236584283884,1
0.41262184084862374,0.30293090564042924,0.8054300430459791,0.33882348242280735,0
0.6956181464968069,0.3252951340230311,0.9467562446922407,0.9520624466390027,1
0.0032182636042786816,0.7126213330985128,0.400212275849672,0.7379277689988003,0
0.6195893374598407,0.816779466505636,0.7832979829560477,0.59742924257342,0
0.3554930104413574,0.18161396775660266,0.2659284506321188,0.8808951605447525,1
0.7941973312770843,0.3709410081577652,0.9903323037936483,0.04960590834948275,1
0.09299063982313216,0.90194019674915,0.025769598764351143,0.25706269218920874,1
0.5882022669483905,0.8066935196947392,0.603528806501121,0.46503633422090995,1
0.48097288988612374,0.9848584027624758,0.6595059816513271,0.22697853947152102,1
0.6423255259052274,0.7542482596820808,0.6880455570741288,0.7439051873021519,0
0.06485359448296835,0.39319520102792227,0.12038757878908901,0.9192080310537252,1
0.5799837874281313,0.5906378339946378,0.9385297834731304,0.4237701199309234,1
0.5614845879595237,0.6610142542473203,0.1811832790500828,0.34213260011189495,1
0.5606600944161709,0.07845581631712395,0.6227534032398411,0.9615507321375663,0
0.6034876665964548,0.5444969591038651,0.22267607912308496,0.44485243282754083,1
0.6764679372263622,0.7093208284726096,0.3072164170212709,0.4890484004492832,1
0.8049889996807698,0.16732130400106038,0.5464585417281244,0.35164987234190537,1
0.26982072012821434,0.7806317174255571,0.4171934185645765,0.9095484730121384,0
0.8250494101800621,0.5837727805141116,0.1602256009765063,0.5689554832818507,0
0.4982556822634536,0.9522217856975946,0.1709364024208483,0.7621745871816447,1
0.07705827913433116,0.042422298206891695,0.41814478816279965,0.8118067183508864,0
0.0585509292439792,0.26532613755546697,0.7572829782755007,0.3418490419172582,1
0.3342383186960608,0.6015538792998241,0.8979646468477885,0.43369433132038004,0
0.7848969771114676,0.2965599122059307,0.08412766225938284,0.8484717744062646,1
0.7076809347409158,0.7144241640712422,0.39310390755940106,0.36325535167581025,0
0.7886149646724064,0.759005282521931,0.10024556372287663,0.7939351334518513,1
0.5172690564416094,0.10251596406647445,0.016592480632597884,0.9409923225744371,1
0.44019899795549056,0.5138544642067677,0.6617186826439566,0.623210373068007,0
0.14745252670628395,0.5088905555910559,0.6024494419665878,0.7416272874518889,1
0.32819275360931155,0.36928077021554107,0.1630191138148862,0.8050973120411349,1
0.43401936617387527,0.9329248625696721,0.2338128330930641,0.8450396488966425,1
0.08860042967961723,0.8275063198732212,0.02370775364451838,0.39505333785679597,1
0.22061195271121126,0.6972093819096368,0.8349472056944037,0.05126345917599817,0
0.5982252940637388,0.7143266357349976,0.9746905960485515,0.4018762712367395,1
0.7356631142391898,0.4617161438131191,0.1354595367946908,0.6737562297840898,0
0.9983475113929496,0.9209945210965759,0.23147521376529812,0.4503503857807928,0
0.9331133313435577,0.6945954272532854,0.868409523946934,0.7489631508603986,0
0.6425651995351915,0.7289810616558164,0.9264637979561848,0.3569824294686639,0
0.421248053294072,0.8616909037873453,0.41962738280681033,0.6347441411040295,1
0.6361773647082327,0.274071589342191,0.050622472269074126,0.18641980485397458,1
0.785651618080232,0.807070903866703,0.0393918336928194,0.7493694366449569,0
0.11833619092338732,0.19524060295649204,0.5739498660690104,0.5456959688130258,1
0.40990488969628824,0.34534195224488784,0.392895108893179,0.20406438854660058,0
0.8398022856356172,0.3356104542698427,0.028652427577654516,0.29191117349780726,1
0.383832951933044,0.9785254683891406,0.5832523923125568,0.7486087085818324,1
0.5718722712271865,0.8565372237479268,0.011302536589022472,0.4826012356615207,1
0.5877693608621982,0.7011698615902597,0.787371958149273,0.2160314403930722,0
0.18447625313363936,0.7270567616153901,0.3064328227033716,0.9672711903702976,0
0.3622354416522884,0.5620727944025711,0.0402580030092321,0.7151250198168879,1
0.33451128874193214,0.9470906671085191,0.5883522209831533,0.9571348325397961,0
0.026196708532064794,0.49625875288236154,0.3976844144330547,0.4271050453603432,0
0.024191763891355245,0.3805177098698945,0.9738004133571495,0.47510034069172047,1
0.8316970436757735,0.163035336931591,0.5441986625037022,0.8979552161850192,0
0.2730708099728124,0.786205652261058,0.2752391810370083,0.5250493402453846,1
0.5180787662388154,0.7344439320755914,0.7094388646339748,0.7072789119056672,1
0.29872557358877305,0.3843550385241349,0.27149200254271133,0.25217287749552997,1
0.9406792451153405,0.02519341395922936,0.9042432914075651,0.44672646870264054,0
0.25929675886577375,0.8389973277180107,0.37472197050737643,0.12344986581035511,1
0.4296568127389351,0.011417983454073632,0.5498685627762052,0.20598003587696168,1
0.8727302504846018,0.703699779629051,0.05057310382422886,0.000943415267631087,0
0.8419335667918086,0.970257109726057,0.4261212379522308,0.03926505164866023,0
0.18610141784627732,0.43766132814820347,0.832363539660995,0.9772838231769293,0
0.8026433097957104,0.23497340499595276,0.8056488053633419,0.2423536951367623,0
0.45818688673789265,0.7048710100433817,0.22431855885352625,0.663310709504002,1
0.4829688720853552,0.8171281420155851,0.22607907101056268,0.8390996987996115,0
0.13347997241594378,0.5464303160778473,0.8173053122132368,0.5506604592365643,0
0.08060151375712465,0.9670352752561462,0.9303984201693255,0.1531445000839562,0
0.7279393069737652,0.0516687216579611,0.09536092127300355,0.7281164373361664,0
0.49646115235529975,0.5047955983045281,0.45005863942622526,0.600251410099583,1
0.43685070261517955,0.7184539473225501,0.33745427896422897,0.7312505893473751,0
0.7295082286523967,0.862640471149179,0.8706884554574393,0.7697466228570872,1
0.7655128989911097,0.17925561190779005,0.08352491468001877,0.9754103676847451,0
0.15890816766935356,0.8000034817636814,0.2111259425580374,0.57356328002671,1
0.6102251494776413,0.5527070757185453,0.7524683375864943,0.3416411126906018,1
0.13535408227768553,0.3965536819899632,0.051293848981215584,0.6484645569002371,0
0.7513750860290457,0.13171502857909356,0.49253538071428926,0.06844070924262613,1
0.6569551562671395,0.8652957589089124,0.44210703467972,0.8973973183215863,0
0.956614621083458,0.15727320817971535,0.33440117898874866,0.11938101133819679,1
0.06895801635642118,0.30978785920909924,0.3945723153189238,0.32784283788581825,1
0.05705472115125432,0.2900455319624369,0.5299405869302329,0.8157453806261209,1
0.28218707469320015,0.8714140341908543,0.16136735838838312,0.5973123783307118,0
0.26170568373590597,0.672702994208898,0.5719958782835928,0.3936355202774421,1
0.24697879907199982,0.7966813971913723,0.8054323292999863,0.4734356593750214,0
0.9062545805210367,0.250467898792499,0.760160929790159,0.8545473932021803,1
0.2495461998495061,0.6248740996069989,0.15389990469377368,0.34000438605989214,1
0.271949726128631,0.5717459831437487,0.1492494697414739,0.8696496848121713,1
0.7593982624179637,0.8328303767882711,0.2681743677449133,0.08813443097669149,1
0.44973984245054,0.9060870604812605,0.3610747263410372,0.7767984372086307,1
0.7767105569551812,0.012156771477386807,0.4084555814084826,0.8475476330547363,1
0.06536615756438524,0.6740199190587927,0.6796972168333453,0.18181765283733875,0
0.4875711936733843,0.05183579911972902,0.056680432165835404,0.43034653237220044,0
0.03361360018328263,0.5488586650773559,0.034672704226066386,0.16549977466365562,0
0.06265320345535452,0.2876327290436782,0.391910562943909,0.7066041289942178,1
0.906437453344411,0.3067765995221412,0.6971636921379805,0.5353477680616567,0
0.13924537111759516,0.3529585034523566,0.19343534295648257,0.635323346708321,1
0.5324206822752171,0.6212924490496101,0.6415044812562517,0.19648696695621115,0
0.41109560260070654,0.3340499656687692,0.25982813794029946,0.21174586205241952,0
0.3473433262588427,0.7326990505902804,0.8860861088135163,0.04149732550990637,1
0.8998333456872725,0.4045273855738697,0.8956899442666165,0.3220675351957297,1
0.0218233967754895,0.06835320030995862,0.2972872042813265,0.559744661333675,0
0.6637896861755891,0.7837598424841072,0.2299937539632405,0.8579349139973288,0
0.9633944342135504,0.285758324592706,0.41130397206623126,0.6669274474586807,0
0.5601681834618419,0.43276687959926263,0.24053158518014872,0.43539632339975143,0
0.9368224620330918,0.6854438832219015,0.6723838432917036,0.9531201143941378,1
0.05225787928602377,0.332456157148712,0.8260646845482855,0.7192452005758319,0
0.4187933190741614,0.056585656146715624,0.673092130911217,0.93016520286255,1
0.26015779096205116,0.3739210470128136,0.8243504472493495,0.5275879732721657,1
0.7308209649807298,0.9444485826943034,0.39699216220747413,0.2589042747931396,0
0.9812970904972467,0.6417343972985582,0.15631697070886086,0.052826686364721986,1
0.2565300624442478,0.6714791486672069,0.7379509473975921,0.7260848514838505,0
0.6541746014740745,0.6322821536376398,0.3604745051415539,0.12130299800553412,1
0.19809763275974013,0.1989921389594368,0.6712708252291325,0.3027751282719672,1
0.5653302545716099,0.41833386410228013,0.27064394198176567,0.5324709078838974,0
0.4639324866883362,0.7509397983633183,0.08122963480667267,0.5644165877797477,1
0.9720053296315371,0.10137289755315915,0.9925817954877634,0.600583196987136,1
0.6085272726964666,0.27785277608971226,0.15620150793059928,0.16625533034970064,0
0.3495063720868188,0.2763191084658536,0.988420993963481,0.37973740482164875,1
0.11409578488793337,0.432018927594506,0.9772799325664473,0.6171942271169667,1
0.15124682873493456,0.9803687409421851,0.7938181039080396,0.9698188646337847,0
0.2253169299512351,0.06750254668382194,0.6594229620819976,0.7276311376996887,0
0.250966661340298,0.518700994380595,0.5778070502510847,0.9226037570939578,1
0.8506160578411378,0.17936468201221045,0.8661015453778347,0.762212058314177,1
0.5612227882825249,0.9706765454097441,0.28943952161948794,0.5917169688924004,1
0.5233909113743664,0.1133035047274642,0.46768121248487704,0.19202336913634455,0
0.11476887186921747,0.40360100236159124,0.6193899693665019,0.666685651892513,1
0.860139693349435,0.7378849848346062,0.4111904758694911,0.6233795659599071,1
0.7228143032084837,0.7045544280274453,0.427486454090268,0.6024691704572664,1
0.06766836190000158,0.42272863689393225,0.3302846675020844,0.48978586798824075,1
0.7078350972297687,0.34652416795271823,0.564231816684536,0.5286566039892756,1
0.5435382173426461,0.39761237855287057,0.850574528015116,0.33444252711810407,1
0.08172534574677826,0.2642762631586393,0.20152837800631285,0.5193126926423032,0
0.45830064152865646,0.2053329387067998,0.9344330387534414,0.19755590567847825,0
0.484696287130047,0.48303969755889,0.6890876537482297,0.8051743973603768,1
0.16577454016327575,0.2685337560676073,0.8232732126800302,0.1857769546987078,1
0.9456981470002823,0.2874616648972501,0.5561906926300116,0.08496628988946642,0
0.8499753714806619,0.6567560634745571,0.7795167014240635,0.43624602635715737,0
0.6690223373291083,0.9685373316998922,0.01620039733946721,0.6583074395060619,0
0.4622955610006072,0.6036372005593751,0.8183804247795352,0.43771682493354136,1
0.4117655415845085,0.07697946706496628,0.04013885908536652,0.2767541319513086,1
0.6509734671509542,0.07558361385406698,0.8899133763628625,0.5581711838904407,1
0.5454318694069055,0.951423220845566,0.9919627472386433,0.34700233541219994,1
0.062273105881885615,0.29729079030733363,0.2940674621767778,0.9328676901266331,0
0.5125026487703317,0.09206698608247543,0.21031855628579366,0.9226451396035721,0
0.8064036172328395,0.5990445871503816,0.7653633638580407,0.5023718199720955,0
0.45923987759695806,0.6236487782902661,0.2530263409202532,0.3278839940182585,0
0.05195657755426841,0.6485048201186882,0.8655623831722035,0.7371324139566391,1
0.7862781993840331,0.2674020278575413,0.10284259215747671,0.03671294348306664,1
0.2013637821359744,0.015110684214475034,0.12595519637935826,0.47476900604365124,0
0.2586208348880388,0.9650153694544719,0.9791515551006156,0.33632339427033353,0
0.1647063534322959,0.2508930456911025,0.6738388982700046,0.9205358851025547,0
0.33021506487149754,0.6760262880525475,0.8468872244289528,0.012003027272682543,0
0.756751505688635,0.7066298698787096,0.324329377351518,0.5528148757183491,0
0.5193858595039373,0.6100074170794857,0.6764837495206044,0.740663581066626,1
0.20488127415071256,0.3129073942136482,0.5942418273085972,0.48501798752404124,1
0.8778300781520408,0.27109625376406576,0.603150120122947,0.08540303016272166,0
0.8795818549515292,0.5976682827027031,0.6825324595377216,0.9724613900279022,0
0.8705784250460069,0.8660956336116915,0.5753591731290986,0.5180104313760979,0
0.23879621138153928,0.9467337289233956,0.42906236930266595,0.6141862443190114,1
0.4512393441809881,0.10590580440375763,0.27592269438054684,0.23660978270750732,1
0.9849896561408751,0.15482861259771985,0.768581330913202,0.4834980851068038,1
0.7720124763099904,0.9447362587830797,0.2262724300031862,0.42914949195832186,0
0.027167421225559818,0.7365352283347926,0.6923543061544142,0.07489584200198374,1
0.06520459126049205,0.8829938248297731,0.23333282264932664,0.10616035354746722,0
0.46393137681233276,0.20263263413534316,0.6253301699544539,0.8374725196187746,1
0.9092202058615602,0.5875858711094019,0.7470782671290289,0.23981995220659025,1
0.5387017979527142,0.7011395944174736,0.2187138889065392,0.19495827149863054,1
0.4978125080342902,0.6801118854469727,0.05994330086130828,0.5049114512501393,0
0.10547369995663058,0.4081516908666981,0.13097374299417408,0.7687471313625129,0
0.656780104724294,0.015394891691308477,0.6059969672710255,0.06194651857898792,1
0.8221031606002255,0.5829260568042631,0.8494464062257355,0.5768079196382558,0
0.38042000750756233,0.25310153917960876,0.04499682123542437,0.11921044284057336,0
0.7756118509253275,0.45025424614289034,0.7341512590416462,0.03646105082561846,0
0.9644766539008116,0.9575810150838173,0.3413186459500521,0.05274395216221739,0
0.2037664591276891,0.3990353176424347,0.4785283699195225,0.8341641082084413,0
0.5233296311947413,0.8398016066644267,0.9288595498455656,0.11797248362806156,0
0.28713795808457554,0.18854060574925113,0.33197150473584547,0.04515136441229195,0
0.7928544190338394,0.6724604980250288,0.46533693393948605,0.4378998871429123,1
0.5775933658811575,0.9770069544389435,0.013682414760681105,0.8439934719420248,0
0.6345824175503038,0.10189310087293679,0.08159872000483837,0.26240837648930193,0
0.7979141596158941,0.008319942227192012,0.258591591134784,0.4217126175259164,1
0.3959704726624549,0.43358279263261434,0.027852240821074403,0.03992253256375122,1
0.9150900684070432,0.0926254830513672,0.631375326048251,0.4490785141348759,1
0.53302886724614,0.7483843496762314,0.4263983568016225,0.5776130806371337,1
0.157954822835348,0.9145486638485589,0.548145202728022,0.5709070537521448,0
0.6958991181688025,0.43402097270875883,0.17464718589632955,0.33242669217436516,1
0.7932613504382544,0.25871164215544096,0.2959320294366161,0.3155331806631355,1
0.31676167706752667,0.4344033190066098,0.6638244748527251,0.10662361893659789,0
0.857179256998753,0.723447817850001,0.9653027236303998,0.3667983206462684,0
0.9061432547657664,0.009054161580370979,0.0504167736022092,0.09949466887296465,0
0.2769044873778089,0.5894539894846972,0.8903843208552661,0.7665959447120516,1
0.9835214727152221,0.6132916848873791,0.5768812013112085,0.9662742977481859,0
0.14071152804875842,0.6376882468959355,0.5639195667556237,0.9700744566667069,1
0.20201566840248997,0.2420220799808772,0.5002785352077603,0.8650710993753938,0
0.18422483923802613,0.7140527233781268,0.06939408590418339,0.6007921493396191,0
0.8939897100078704,0.0913914863317764,0.08987685173616067,0.7008656972438799,1
0.6542925523249619,0.1992703364668008,0.6009120056590861,0.28520580268041407,0
0.15210428322227287,0.8774700466544819,0.3409585714355583,0.6307704201726206,0
0.440323418368349,0.7387231507265664,0.9172680665776807,0.45564954943987745,0
0.615298025069802,0.013745554011345251,0.40659053735947226,0.4820173397769325,0
0.08346408498938329,0.2483762603698002,0.14328145870264108,0.757776560375158,0
0.8824163684073387,0.21440648299316456,0.714718833502036,0.28191835559725165,1
0.8036035354415352,0.2708063280369726,0.29335342144100984,0.3180396116945199,1
0.5052067735766382,0.2475597702798864,0.5254703073558932,0.9246417911286366,0
0.9671266152591704,0.06252629574284574,0.69783278550517,0.056224294850972245,1
0.4177609792750997,0.45894051659682034,0.9002641112020704,0.4856342984133404,1
0.9841103190364978,0.7327334747861651,0.7921911948016761,0.9128008004078617,1
0.6679199988036271,0.6067317247174364,0.6763610678727241,0.610363007818157,0
0.6346712732539415,0.6728716685980798,0.6796331823951436,0.5464070742121321,0
0.165954895295785,0.08114917853623915,0.9459246440320865,0.2497441792293552,0
0.881927758304644,0.9514907101767872,0.29582409749653604,0.34327548906444827,1
0.42748968792061515,0.8384918338430248,0.0011120941961874076,0.8520484158046929,1
0.16223340578247936,0.8050903184956627,0.2719545593981987,0.5592181317684581,0
0.01260751997575904,0.8229838050417675,0.217891379626744,0.5147421937567799,0
0.5597556836383826,0.9327105081327614,0.6618345851139982,0.09957971354002892,1
0.5273996221226763,0.5442539661136977,0.633711599765529,0.01602815645512312,1
0.7193536223691586,0.2002820178676259,0.5934613827047238,0.9636851886870491,0
0.8902580530178021,0.6167836078525412,0.0162434432094537,0.37698616728684164,1
0.07940658464302952,0.742881493667939,0.7287780544506475,0.6032130620995043,1
0.7314964903403623,0.7379173933540254,0.3235304124854915,0.07971507318728499,1
0.18741194409758222,0.5214490241668801,0.6650559890066311,0.6831142857230466,1
0.858177053157164,0.06845871933357806,0.5565784285021533,0.9325667087059609,1
0.8190635138616561,0.3711129384301278,0.3427309254279072,0.5756652529974197,1
0.5407937549855444,0.9207666084633573,0.13457626710410775,0.12611532237541057,1
0.7102427986233115,0.584448909757426,0.09441889766048095,0.5817215274734767,0
0.3143501131837484,0.5383319432557134,0.8315183331122236,0.7663472131046524,0
0.47116789893281463,0.2688535143821935,0.918397542081558,0.40641653657401866,1
0.8216368977104717,0.3684489199165789,0.6497880467642996,0.8798377479414679,1
0.4592651971732139,0.8953460891531693,0.10343411486048337,0.6486829533573645,1
0.3577982653254418,0.6664630475268357,0.4020272168882407,0.8992489182892025,0
0.4942124472502999,0.7873870267523329,0.7289392001051572,0.6235053112473372,0
0.8282492524372184,0.45434542306765513,0.7798208840100681,0.13128797200482423,1
0.33520804737087273,0.6302472194561579,0.1182186222910886,0.3096917111051891,0
0.1737615931357438,0.24838360874320753,3.071884538241587e-05,0.20179494825245692,1
0.7120140203307808,0.7054608302834863,0.712137045880605,0.9088264977168623,1
0.8259782127080818,0.4276013337033373,0.35659617598620563,0.7604000672874827,1
0.10063747852353333,0.4425455148147456,0.25448133161826025,0.676398368910006,1
0.23987411275594472,0.6493223245768817,0.01289746978952544,0.3009663196316217,1
0.1419719897609939,0.9362806214689267,0.5402994067614997,0.18404477205021352,1
0.3479414115821666,0.06400634660862092,0.8511507354259817,0.7564510879889118,1
0.45035097890541265,0.8247432373470076,0.9576316462725879,0.47415794587907967,0
0.7488263369633065,0.2923831104121931,0.5657449506132892,0.22578955215062912,1
0.6511475848816741,0.4439194545063778,0.5144613277398942,0.6166219781652751,0
0.6209285674784312,0.021913328775008956,0.0850563854892411,0.040333852138451975,1
0.3523749466096544,0.30104607783431303,0.5488728015425998,0.3261702541282535,1
0.8414475530847599,0.5026312426301305,0.3799790789653946,0.46855699459113465,0
0.47128716739816456,0.05617607734743901,0.6071352808835769,0.14795833410940584,0
0.9791049380151545,0.49109572938316515,0.3887263478765467,0.9846544775908396,1
0.6341421382957368,0.9271106288584273,0.24029912345036675,0.20909736458961425,0
0.12626474156450274,0.10539321810780522,0.0949652752283765,0.13035313004326554,1
0.676177562075434,0.7644407280755043,0.31491844458889573,0.2035348738868964,1
0.325104015431699,0.40967105337599263,0.09664483428775228,0.7690611331597242,0
0.6863271966860974,0.655173714524338,0.17689695082398393,0.4255056592718428,0
0.06964114816240574,0.26023659798522936,0.9873361585795459,0.565415939752538,0
0.1748814371759594,0.1594922625413583,0.4441035569066186,0.021009156986360744,0
0.8557372589057863,0.16046261427122643,0.5318717665050166,0.034431308573314556,1
0.2271795570235149,0.07049194564314465,0.8736185287372153,0.44582554982701617,0
0.83704112524294,0.18564670490124302,0.9955689004906878,0.8166552432016235,0
0.27927608845441043,0.6642193849889683,0.5827144493446815,0.8852388787075652,0
0.6428819100587077,0.881690611843508,0.8124738210441717,0.08670656759564022,0
0.694150573509831,0.8141256855911618,0.32694102433667527,0.5383631021010228,0
0.5126547531450529,0.6851343098744841,0.3057439574472911,0.9132296862792705,1
0.3053106766967313,0.11043186341110267,0.4027037209945602,0.38797275439788637,1
0.21264437637109612,0.28918744629594983,0.6725072626736491,0.8295658314283686,0
0.03318935456242622,0.309806875322469,0.6821916892550988,0.1336956543994362,0
0.3039464012407238,0.24995694639762123,0.3152394346494508,0.9353944896677987,1
0.653162790531283,0.5150056597097231,0.1332099241366287,0.7514233175313026,0
0.9383048184484827,0.5355538148796726,0.6323962564655086,0.9413343927869017,1
0.871204482263052,0.3568859751711102,0.12832586218876452,0.6766172335525065,1
0.7660647765353026,0.353789158736436,0.5784925082293301,0.363403931999427,0
0.7884473432532987,0.8285555979060814,0.693422128056309,0.9381811725247224,1
0.6649849034759953,0.7892928483196856,0.7006114963944516,0.2755667763091785,0
0.260286857566003,0.30779583168074565,0.7534721106595967,0.33217252206173253,0
0.9071950307058299,0.9137884438732593,0.8728594215656645,0.7008084180017403,1
0.670732311905834,0.952815017002506,0.49995899196478844,0.7653162995253863,1
0.56044063098044,0.32674254203004083,0.7302491895295712,0.9294034838491538,0
0.11098946921348107,0.35442494879305486,0.6191727353658367,0.2048024090562095,1
0.4470555438064254,0.5056341534219588,0.18663993979768256,0.797998035219224,0
0.4603582712019263,0.9411208125336735,0.025689644869408168,0.7385460533969634,1
0.86456360952267,0.8763194331423115,0.28454138567693377,0.06379455625359787,1
0.5466482201877885,0.1025679625835898,0.4430337063376194,0.38722314121020696,0
0.38040054897040965,0.3927307432714162,0.6171059444286563,0.2827654570600986,0
0.9768003285106593,0.5533711897497718,0.8499593305032054,0.3044904243540304,0
0.11072059332631567,0.50313247255154,0.19624571670616564,0.9829468795547008,1
0.4225484283119446,0.19386306793689267,0.1255497898984771,0.6427774134799279,0
0.04202467517140529,0.8588167711681547,0.9634799474743275,0.7176761577934996,0
0.7399041207669304,0.6769407829968374,0.10804455937640711,0.9766176373150092,1
0.9180765521991506,0.8379083748518036,0.47849107010718916,0.3772017824576387,1
0.28003732955048943,0.8587642793494722,0.5855637287933019,0.8018401684528059,0
0.8583416767991209,0.7483558536657398,0.5413744209074383,0.43453096330449537,0
0.29221823046189777,0.43921060124971734,0.0860321570329432,0.8695336718149798,0
0.9107701616439152,0.6105467550154245,0.05702691400361937,0.18065754131130318,0
0.7539619035967839,0.16036540611974315,0.10548342746103567,0.9476861770642796,1
0.8049067768414386,0.6736454174749077,0.5855876838726125,0.21877170841087967,1
0.0180065556004545,0.17925325573928075,0.5443448876343211,0.3262205069809315,0
0.962810357074026,0.6939495905101568,0.23374079203674425,0.7561922341067805,0
0.7266709920703233,0.22959816075396866,0.6377741418455916,0.3937551415654067,0
0.3047510953861333,0.11755130015021997,0.8200675020556494,0.6082113767664467,1
0.8293946648588469,0.16528449014295743,0.041578959846593766,0.4445735010694285,0
0.28152119841492995,0.001992135219070268,0.4981299435480424,0.7423699370897818,0
0.872753839566128,0.7187396178535302,0.6893104121026903,0.22833125236861085,1
0.11258039041193701,0.7324010490583791,0.2523119270696871,0.05845798723687701,1
0.7036859774607958,0.5149333499132595,0.3077709052931491,0.29992939747306624,0
0.5406984766449103,0.1613628010553837,0.6136379029893838,0.47430866486843026,0
0.09653447019544081,0.08355433751068975,0.8979352934437369,0.16802005219267857,1
0.24189382825883898,0.01912896643728701,0.8099244203028994,0.3547972896563887,0
0.01240403627731479,0.1657481769652207,0.5831302190995835,0.3999830182935685,0
0.46876796546450583,0.8908555349831467,0.7302217177572492,0.05739184368827355,1
0.3012652607600004,0.24153684170168177,0.3648224702077987,0.5833072481842045,1
0.5983574842977588,0.35427132721721566,0.6409655280987577,0.8843434279712875,1
0.2972378077086172,0.10534548448133318,0.46618159112755697,0.15174291295305242,0
0.2999191115069847,0.22236130474817029,0.1899361364575609,0.597808013401514,1
0.7431931987316034,0.5192245707802051,0.7017382738772572,0.6647392049108463,1
0.04814283597835345,0.6077526830956526,0.556464637348822,0.41933468041928834,0
0.9028949951919872,0.24535231416621106,0.3586215819535914,0.70109758736427,0
0.8522638743911815,0.05773215922511721,0.9113391900786307,0.41073154349101204,1
0.6678046832264065,0.39103286912739865,0.020934117826733267,0.5046372879774349,1
0.5932215701073843,0.23420337092633414,0.315773151249496,0.00735304455442698,0
0.8923024981396522,0.21955392322980194,0.05688139777764656,0.6917201141346888,0
0.18533017952871444,0.9598628027134553,0.7665273162216272,0.6613426789447244,1
0.07896916219082861,0.6163004859257241,0.7021074541137926,0.03840087732634456,1
0.2395101699095381,0.5568784431720959,0.33135221873631704,0.3682501073951331,0
0.7945782787001903,0.4157751035233219,0.675662902207073,0.9790318407916674,1
0.03467026672648332,0.42894433343014426,0.39593722619594984,0.4207365625686168,0
0.5828068350834896,0.5409050038380808,0.7562537914224343,0.5019454051318417,1
0.9954375161913099,0.6964298070361072,0.4541836627367061,0.9099301581597186,0
0.8556960938375394,0.7021460961818294,0.41227972783166555,0.7172618758657564,0
0.5214456890435895,0.17169390770544957,0.934729915488301,0.5820701311242236,1
0.06364090928664234,0.500112752076627,0.25087909989070023,0.7978046813410725,1
0.8313735143857098,0.41195809503410197,0.12044733999656543,0.8643662664559733,0
0.5989785081772105,0.8705269662693842,0.5845431132594582,0.45688807173726687,1
0.11493299705956683,0.6314189212183764,0.9693218122841789,0.4751083649318354,1
0.0938572848233562,0.5325040664159818,0.37783921372718665,0.3860509356518358,1
0.9096268194365924,0.11539464217891737,0.06203676362878152,0.9667061400184606,0
0.6692002629380784,0.6056378893234114,0.33930526730956745,0.6971662542903504,1
0.8292867993167555,0.11720390568023342,0.5059316543195584,0.0832230662080723,1
0.8789789002822673,0.33720657556575206,0.1619230066322137,0.8629596233130185,0
0.5717723520483222,0.14284196481433187,0.658102218056492,0.4805599408362681,1
0.5174463517550413,0.6920736470243689,0.9977493890102006,0.06875390642248747,1
0.4304274103209902,0.2062521138361526,0.4517394759814438,0.549717255163311,0
0.3169465877911193,0.391859373188026,0.35472855673021264,0.4171642789757021,0
0.43459596085871177,0.8956747776187787,0.40070416683446664,0.8777494048626249,1
0.7738796557301564,0.2043163833989703,0.11514617839520114,0.20399460360938737,1
0.6019234310151316,0.5078050639587791,0.8832736014262238,0.8264646094921829,0
0.8925232899548461,0.419271661166022,0.414825655521352,0.5576886911854527,0
0.4433800143791877,0.018124041045729733,0.3872744114248413,0.05461030321346905,1
0.607089578718754,0.7927581135728128,0.6596902729304743,0.9718453013254846,1
0.6313075530919887,0.06904590631459973,0.4420334209311235,0.5126152441031999,1
0.5916971623063255,0.4742550209769536,0.648233468807846,0.2908768542315825,0
0.7026337730855163,0.5606782949389499,0.061446290130787506,0.4694068419892581,1
0.23743346837480628,0.6284264566145871,0.8137233437222274,0.857857783517489,0
0.5123637775457907,0.6886316293078756,0.9405039528794026,0.3049031243850635,0
0.10422480280834767,0.2532723835227151,0.648765386159386,0.19267639648670032,0
0.38451132764481255,0.009978776658449373,0.9545659288588108,0.12907124693088146,1
0.4876670686212644,0.723443662354912,0.1514323143699633,0.29785939839021125,1
0.6522242595454725,0.5356565993475786,0.4774161894803537,0.7800480870400435,1
0.9505310525862035,0.8361177032072488,0.6018067339454473,0.4716263651952617,0
0.6006510665483559,0.8213883629006943,0.5817366474211867,0.22748160369353998,1
0.7435939161765598,0.8433261677878832,0.40146177908904324,0.1661849996097492,0
0.5062660594952028,0.48509465997954015,0.3380844093662614,0.3327294765103791,0
0.6341040313763313,0.33362839583686565,0.1268240225504188,0.9399243728857088,0
0.07093221613377343,0.79155820259137,0.3917424505622782,0.3430267125900244,0
0.254391580841847,0.45129411302925493,0.16266081510548513,0.9881240759546354,0
0.3618530932051387,0.1834421964034345,0.7343656764922184,0.4852304557653562,0
0.47249335500651357,0.8549740195614743,0.20883093549458998,0.17916391829015088,1
0.045648745502383736,0.8825598767723473,0.05856530528453385,0.8911400917935094,0
0.14002409755331768,0.4663097561401701,0.5523661378172343,0.4603553731348269,1
0.2768143077913058,0.07569972730978747,0.5952297327194016,0.7096713435045244,0
0.9715326909010507,0.38782608991693124,0.8719130612805055,0.9837115832091518,1
0.33134700710305076,0.8035376594626034,0.5769816124176819,0.050175350319974,1
0.48204105811208253,0.9017740285462287,0.3454808537234457,0.09669455978756714,1
0.19609771273839294,0.20347274249759584,0.8030118815263205,0.7204567414627562,1
0.6107800710757683,0.06697361202527152,0.5402788931874211,0.281825003295472,0
0.2806832155159743,0.8773504531328387,0.07928028463119174,0.18430139695009906,0
0.20699257843842678,0.3894049389788753,0.5658505603132467,0.039361879819729495,0
0.5165726284459791,0.5417609642675633,0.9080185454216624,0.021846711986201806,0
0.005505799160420821,0.9680658120507589,0.39631262549822055,0.7744856031197909,1
0.0076640326492253275,0.06656472791422285,0.29632580189980007,0.13443342736955,1
0.21906880910185778,0.6483180074520956,0.14346945701802005,0.4677206159711509,1
0.03672136250082114,0.07410542257486707,0.15144552193535732,0.605896815179483,0
0.10802575413069138,0.3754689284665004,0.4327714843418189,0.42835180056884625,1
0.3388606493387516,0.8038145451934468,0.5956798241615295,0.027106652336233106,0
0.8025856795798129,0.4334722327556344,0.08061540516960175,0.7835015025879088,1
0.5720486433693008,0.9971823539029504,0.9395685890251657,0.010513224541653488,1
0.5126677259564164,0.5590592849466022,0.7551336174451959,0.761889894377484,1
0.29348882320812164,0.3211621526359535,0.5866239182836627,0.8933044937881227,1
0.9317537194328164,0.22011132590475313,0.8284386709389908,0.4328399210571723,1
0.39701504123719167,0.3505205342861618,0.08018675681211329,0.5355424730977982,0
0.08709276679577149,0.3725332737595508,0.4768388777331244,0.47698339261765377,1
0.6170665161178013,0.06871367772396098,0.6300931268616634,0.3892086186234388,0
0.11383839347660141,0.36957419942677316,0.8286529061182892,0.8874245353703603,0
0.3452231428016921,0.4642385197392249,0.7834695600492677,0.8939335106699905,0
0.5074119387178089,0.7227377522388047,0.27706924971339963,0.3358163646415345,0
0.8742225246851758,0.656729484721608,0.9408801695592043,0.615069754014698,0
0.49354658034011867,0.7087656552291542,0.12434584143087035,0.9269075621458641,0
0.7022587660316643,0.008363681876857099,0.8751336186211521,0.9620584989413515,0
0.9928168389990704,0.21766739958053605,0.9709402496046186,0.5089590404220475,0
0.13148911989798162,0.6616842883998565,0.17715352322262556,0.4528248052843268,1
0.2747315255195195,0.48398936817974714,0.7220660642037853,0.2786943159285258,1
0.3945760755976464,0.005313475668345946,0.040285518777998464,0.95887187319041,0
0.42182817853883137,0.8044946424318223,0.40542282513915495,0.14281430447286736,0
0.41102107526554577,0.7728095732903374,0.516283299197674,0.579829576047725,0
0.9076110025565549,0.5484191629935626,0.5806452259096341,0.2825502675186389,1
0.7140326444668564,0.06646332577627212,0.9359372482485595,0.2790082903477966,1
0.6079052140907037,0.7665150495325846,0.6722506872941947,0.40496858737618846,0
0.3093727178627821,0.583713587731364,0.481277951219237,0.9987929358156545,0
0.8237903842212947,0.7819599771579592,0.8096750362658893,0.054966306839822066,1
0.9550605114849889,0.7517469923958404,0.9505328209544089,0.5785418182035315,1
0.8211982825502265,0.8030020719578371,0.022066148682290843,0.08257215803527718,0
0.0015651051914729042,0.5180080664046248,0.9825212722560387,0.15452082999051897,0
0.636401370183407,0.140324518193515,0.08613213906368034,0.4395629417728987,0
0.051135381442100725,0.6711574733796887,0.8143867792687614,0.5104601313464413,0
0.25760722033372185,0.6204737850519706,0.2803347525514125,0.258792408364524,1
0.059524700347771686,0.7422531871990872,0.13217965775387175,0.3164571308744162,1
0.6037954529493877,0.1698810060507353,0.4398556397138349,0.08696702025593306,0
0.6865899134926068,0.19497519990028922,0.6439565794476135,0.3032197838442505,0
0.11448763806590512,0.8904095172193285,0.380951845023475,0.9665584393805441,0
0.3838388830449795,0.7499777984520708,0.05456540828269896,0.9447073816724817,1
0.456236508955542,0.9082284887003229,0.5994611396587166,0.334878290136985,0
0.3690530217609166,0.7587153211639207,0.9024032761106747,0.5708539362787616,0
0.12102500048519305,0.5971553059903019,0.3832153659472517,0.9095953911109443,0
0.4189477901874754,0.6541327370278737,0.21633277763082703,0.0061838226408966745,1
0.7511780478084181,0.88912792394001,0.4425773459328154,0.8106835703375919,0
0.07100766453325547,0.5788067545119405,0.04836271104878087,0.948369552788919,1
0.08018001408190345,0.6323913243283874,0.8204875844802748,0.09132573433355706,0
0.3547712918359842,0.15647671600360058,0.8263408109501867,0.16144768603292103,0
0.941725711618925,0.4739212201161027,0.5880004634296284,0.9607463027713554,0
0.668572646722914,0.716397111958099,0.3531028889383895,0.5375401436403463,1
0.6786699566725648,0.2709426983163654,0.7997833644457834,0.014196634471723701,0
0.36191999083786497,0.20225418052453492,0.5546870247883672,0.25763199876352916,0
0.5936607912085384,0.31382680822441555,0.8259323085500162,0.4499436742688596,1
0.010131184027743378,0.24150062799283345,0.6314587925830206,0.6929089110247677,1
0.6360960464095422,0.21491263703639585,0.7844054732127973,0.7331603781367996,1
0.9132869475762367,0.42485084286808694,0.59856299321776,0.9954215129254561,0
0.6125734683448192,0.9078385138835341,0.4141410682156662,0.287511199383759,1
0.873698593466345,0.5070596467387183,0.9579458599261376,0.5382201018684752,0
0.7239730554660938,0.18792038081532303,0.5411138248788447,0.533323547859605,1
0.12055841640369025,0.07697166938087407,0.6050895185405384,0.4056452594472375,1
0.9024533072858417,0.6961561451379252,0.22048763941474925,0.1691618938424202,1
0.06644384435577488,0.38279876443638783,0.6256507894272765,0.9774565631838426,0
0.5339674725477638,0.8218309465853593,0.5716076494829438,0.8533171866665861,0
0.14213712379345766,0.6595107686407702,0.18483839794702495,0.4983330282942372,0
0.011706610730904066,0.7962414505413685,0.059587097353143714,0.6032454226840298,0
0.422034260127639,0.27194603941844875,0.6043593197147711,0.2272610535596623,0
0.29504070765415624,0.6923589224610581,0.7636922693503205,0.5437870703917469,0
0.486000493797603,0.2640619846937188,0.5234013709220082,0.6949701331214758,0
0.5771998867345508,0.9390684794502916,0.2267726253196457,0.5151670283865888,0
0.04373907230894736,0.6363742815333744,0.6665219766930349,0.9902851705849413,0
0.12300329512374564,0.3245118001753421,0.08010572660960225,0.6113416562477262,1
0.5586423964504253,0.26951186229227264,0.4418337048019546,0.37097371259216905,1
0.34316735317265823,0.1909265850716435,0.1633667583984202,0.7721520276158381,0
0.729173487549448,0.6946409588937278,0.18445905105988336,0.17046251158164205,0
0.6522916485919397,0.2187156129979273,0.20229394915820365,0.38451581370626653,0
0.8456043629899068,0.5953032659274891,0.3867070570439779,0.34695895037758584,0
0.6924928266692253,0.26463502692535734,0.051150205620397626,0.43180709510777726,1
0.42993107739014813,0.6619689447938686,0.3977934409290982,0.7817798259287263,1
0.6729666223944324,0.8149397285405392,0.5117074471147008,0.48417303216340746,0
0.2753811742554185,0.7780252431446532,0.4832942849663252,0.7940144502659627,1
0.3063134987782127,0.7608513309307817,0.38278410040304056,0.5764889031398659,1
0.7889851599207933,0.18772240569225207,0.8391466080707525,0.34206943465755535,0
0.4464195164015822,0.08838494698451871,0.1453266924205041,0.8099787436834724,0
0.7983803405183525,0.6989488284873856,0.505696743781374,0.23828967055309158,0
0.8224223736682784,0.3683472137943513,0.062041416956554296,0.2243829797997955,0
0.8575623376612838,0.4323462264033473,0.07115567887790974,0.5045029240548358,1
0.9166352358412073,0.031149092793391064,0.5738658496770963,0.2608492459620889,0
0.43098522051329624,0.2595764492750492,0.566018424887821,0.009087034951216322,1
0.31886681832113883,0.03367640387446402,0.878033512844457,0.6482975272988015,0
0.5821987465941139,0.8791857726012476,0.5578736756600732,0.511093821472398,1
0.3711724234376276,0.24339668321853047,0.9597910204048502,0.4455178144931612,0
0.601074166800233,0.557337169573008,0.04869484839992977,0.9669685146183153,0
0.7055858626438246,0.03897932066113041,0.09800768478074107,0.5711991839629137,1
0.6884050184921369,0.6668473913056581,0.04406586157038139,0.8634315777893845,1
0.37455288702012135,0.32302734575409386,0.18527685033354002,0.13945023620516017,1
0.16686020169875282,0.8979191869576658,0.5412701109416781,0.5692064631294277,0
0.43052933846220753,0.8881181889340358,0.645572181427428,0.8679796267309029,1
0.14259414408190874,0.3252906183617478,0.0455851579486688,0.583105757279898,1
0.8900970351838083,0.9009608956904679,0.9459708898455993,0.7180141781270015,1
0.3458774607378574,0.9961576734987788,0.842165376650381,0.3720435678122074,1
0.15445974722332378,0.8254156641239481,0.2966124821570931,0.09244951703706661,1
0.025447759905750877,0.844871347755229,0.07718753022646796,0.4579002951270714,1
0.6458223862864843,0.2490087361090899,0.16988707321905727,0.3944793908388575,1
0.6369023174547432,0.5767023988577563,0.12694441375497267,0.8670601823789473,1
0.34060416658129167,0.06725591396736785,0.12328377929894685,0.24399530235247224,1
0.071711888847651,0.09491793682166971,0.5185616886657339,0.9667342275351081,0
0.409628894895232,0.9988926120332906,0.2458474424934003,0.9581381198044961,0
0.3112174950633936,0.32663924942591094,0.35813971652914445,0.2476316430714387,1
0.6771206397350094,0.7481839120488464,0.9895053333843224,0.3480519554773205,0
0.6057792494526903,0.8066650530268165,0.6843142489253448,0.895555740873885,0
0.36459372819754,0.8580232710072292,0.9489806670470013,0.9666222208961075,1
0.2178925542549901,0.9976282974021565,0.1425565550331156,0.44343910283604404,1
0.9880359661555919,0.24149648525686784,0.38213947483256927,0.3209970456408978,1
0.45400162119611487,0.04035082685969971,0.5547318032823543,0.526094013251542,1
0.688274235780237,0.411191517994586,0.07675806188873802,0.6877692063657348,1
0.14055296757836078,0.13008066982894695,0.004187443627957865,0.2734745153749798,1
0.4855896996593978,0.022425889162055124,0.6704343337969175,0.7364731746190728,0
0.027536719869465487,0.3604268271414861,0.6418195168014353,0.051657357114641034,1
0.50545511791045,0.7837382510752364,0.41078880999961176,0.04929449276441644,0
0.9640174071177023,0.5661806912250709,0.48964407603203264,0.3862877051455452,1
0.3842067129858002,0.31277798921035405,0.4154430005920896,0.3534731920607206,1
0.03899601257491159,0.6543420054927197,0.024005044844888856,0.3156332153671523,0
0.03095579091934353,0.23201818030881072,0.3353716062174624,0.49101976266891,1
0.3879867599468695,0.014381446072085025,0.17708225539728983,0.32073358231157123,1
0.16002493646319405,0.7643533864364274,0.09842418910136874,0.19225791846809193,0
0.023352096328185912,0.6237430848640091,0.9567204338893498,0.3094695490886009,1
0.7562136139501768,0.76230262450096,0.5993597250421656,0.974904272810235,0
0.4585230088818907,0.03893801668766561,0.7286562842366027,0.4111134169948486,1
0.2892447719726545,0.8371196278306522,0.3153637432661175,0.44471277685833577,1
0.9000831830164807,0.6195262000363033,0.3931471294940152,0.57654498995114,0
0.11613896020052561,0.5633953507126401,0.23692399389672347,0.9833407684142266,1
0.9559188289553192,0.6246140481145316,0.09696567096542474,0.241601276435763,0
0.3139667173773528,0.8644332468683641,0.1790316374415838,0.6812821105324338,0
0.8884036723086812,0.5869365065589071,0.7975140452964858,0.7159846935417241,0
0.6029428764794615,0.5809503798881793,0.6775458051837758,0.6073244167930659,1
0.8267073597414875,0.9906791570657658,0.5469288759854769,0.08857833963664408,1
0.9840131632104643,0.756730167068568,0.47508987286676807,0.6768722758275765,0
0.2884054378187457,0.4422938054511353,0.9224342836561245,0.06409471103617548,1
0.961135485407593,0.7073970000329277,0.0727349477786684,0.5961426495498969,1
0.38948189490242036,0.3892304716917885,0.28060081323791597,0.7395811772217427,1
0.3855119047369223,0.228875462483499,0.34993785357071405,0.21096989061995042,0
0.3403871042545057,0.5968518768877594,0.7824258122127878,0.841622007542774,1
0.5414076073475852,0.9281820981139515,0.9925146201619713,0.030353805533004263,0
0.1541450431784871,0.9291395200154627,0.24067051475715306,0.8438128636583061,1
0.5537114853580112,0.3419052781054903,0.8743073341370806,0.4603290506427651,1
0.541704812410004,0.527677466221695,0.8306227604317913,0.2175879399316445,0
0.76190181260487,0.2116358985698612,0.22465739764176662,0.133778144993968,1
0.8336499619375856,0.9956311094988834,0.3993325801992226,0.9533071675823725,0
0.44044135031242404,0.9811179078679357,0.4096728692925191,0.07266558758115671,1
0.30233324935149375,0.6495089297074473,0.9782206685265583,0.19909341993592566,0
0.25933489731709447,0.8044140596774734,0.18089190137889832,0.34782234743304596,1
0.19462383670487193,0.7151001612837,0.799157971104782,0.6202348489611205,1
0.05764758219902488,0.5931582190394682,0.3341927141731099,0.5448010852760984,1
0.34244797883471334,0.053347996988897695,0.7308703457761604,0.12564349241231398,0
0.27024769213078326,0.45476434255266107,0.42001100429566285,0.2897279837382146,0
0.9664173858664074,0.6747863021674105,0.57835976311654,0.23875177108602408,0
0.5577088262500439,0.6775316138836847,0.8326117733261311,0.21354285449034138,1
0.34727703903050755,0.3731226184223836,0.8041655649838841,0.41114433647998705,0
0.580467600993696,0.9416919866580306,0.8664231835397002,0.7040314525916569,0
0.1391967013456955,0.167357032236781,0.05961732534465902,0.21745293221723594,0
0.4440437492022029,0.5003594462155606,0.6920505530397448,0.3666788797029814,0
0.6262343214210638,0.6908839765508228,0.13998737672176287,0.39091742684116226,0
0.4888978317924514,0.6971358058918092,0.415818568018411,0.9764565294354102,0
0.40177880065432425,0.6486389567688156,0.5485884150546885,0.9546663568790689,0
0.9938483888996982,0.27528821345186016,0.40273948474683074,0.8001375827520759,0
0.880314762148927,0.15620656868662197,0.5196116758030075,0.24165892081918516,0
0.6234059581594401,0.6359403268267109,0.9965263087986191,0.06803731409166969,0
0.5693773611822828,0.5993021161394377,0.13521731371285473,0.31690413772062476,1
0.620660479824584,0.17935601028924097,0.6754560453364256,0.26679454943383085,1
0.20131210782243325,0.7051391455705633,0.3960009663856152,0.5059258001463939,0
0.3951377432643186,0.4551719917336564,0.13300979890732878,0.7777279100677931,1
0.03945953289089932,0.6677605916031529,0.15873676337430953,0.858322938878858,1
0.47554603748682667,0.8373670797701507,0.9492731062456169,0.8448640854105085,0
0.5430245839576632,0.16972842857692316,0.879601496711762,0.35967556122306776,0
0.2277497361032096,0.01914486799683668,0.9070419604150218,0.6872343434606829,0
0.9640288471655137,0.7791025863957868,0.9915327758273865,0.31283419752422004,1
0.909454610937242,0.6096974251526159,0.20831539000851795,0.06090554323518271,0
0.7221432354559059,0.6996395696221217,0.35543933736406175,0.7015652656029423,1
0.5333866287653626,0.8381549749886426,0.6692190299248667,0.009827552569787845,0
0.869969159647685,0.8028109348245005,0.48380253986064725,0.40918258745848857,1
0.1306523438234629,0.9609201469288247,0.4183895333783335,0.32937926930207573,1
0.790509794274885,0.5359350788521182,0.35781124933559305,0.6933775385188524,0
0.1248208139668483,0.48849563265990537,0.5937806319434522,0.7662454727603789,0
0.7942106625494054,0.4018871998907301,0.575593428640082,0.30409463597128383,1
0.27576756825135695,0.15369104284420454,0.16145783406424008,0.8116270144448535,1
0.8770905810181889,0.5726072328820224,0.47173983751843906,0.29391676050493376,0
0.9440420938253978,0.2770125243259788,0.5534717762098499,0.4463263599865612,0
0.14879596940511564,0.9213075122129755,0.5702869387313905,0.7270185270141339,1
0.4626756050653935,0.5831908042770976,0.2101071929123518,0.6929202292247886,0
0.9809873781626851,0.5928401805081102,0.7422713922522868,0.9873684723122,1
0.4834074359731466,0.35492466087701,0.025199094821069634,0.22516102421593187,0
0.8635475225145451,0.05198935197770749,0.35483185554316266,0.6623179135395824,0
0.5887315221313199,0.03174376537298862,0.7802126485356335,0.6096819082757774,0
0.37532990791960186,0.4233351441531975,0.5638929210554023,0.9150984544900299,1
0.2857835555258702,0.08456537809723785,0.26116243251086024,0.15636214164487505,0
0.20322309108608727,0.6068469555401391,0.6949531193430477,0.751798163586933,1
0.7617981913776972,0.8809730056396574,0.5673909441560734,0.5682686162687683,0
0.3865405068230279,0.8829148165187222,0.7962436094563872,0.2746658697879054,1
0.5112754622007512,0.6590454101322324,0.7350251861898234,0.4744349141471741,1
0.4923254800011819,0.211231831472931,0.6101079220362347,0.3337765970697978,0
0.5772790292331312,0.8629968313588721,0.488177675310814,0.5793134027884609,1
0.8655771456245522,0.8860934353132082,0.1331821256675234,0.8890006108146659,1
0.9807393435834294,0.1966535849529587,0.26133301788538377,0.569304984412202,1
0.40758420857381694,0.7374260857706773,0.41909947291708527,0.631722418326584,1
0.8275189221063031,0.28651954892712295,0.5992992870063887,0.5187478471147094,0
0.7645277946547177,0.8026403123529297,0.5137078552153048,0.051165506445475906,0
0.5735289514555733,0.9972378999036027,0.2881845259595295,0.23285855687609425,0
0.9560471436119331,0.030026005329392813,0.006464357789710551,0.49200172943208276,1
0.20047451552840279,0.8973658657909319,0.49623922190081393,0.31023528374470477,1
0.10926421030962141,0.622630533598658,0.2856259885622431,0.18176359776119422,0
0.8539619669554221,0.9733826191648212,0.7346083007105351,0.5041328419184383,0
0.4391498166337483,0.4650095175264276,0.02394626527048349,0.3228097934478503,1
0.8469688542070605,0.8473879305713737,0.5848278113057909,0.2581076431734147,0
0.8930902051954149,0.06239406859827723,0.9414742375060654,0.4639854174403808,0
0.06245759361907144,0.3352790500782957,0.1744092671114995,0.13328425808217315,1
0.8834647629860607,0.06701653775120997,0.47164949075059537,0.9277457330754073,0
0.4483190553694222,0.9753431334790705,0.09142199181713817,0.867702097919239,1
0.5104324890042322,0.8169739072718367,0.6256819122613526,0.7076205857405353,0
0.6265925110932102,0.8525474212459705,0.5505316805962256,0.10621382758845621,1
0.9263826067300868,0.9379652314338942,0.40736552421283234,0.775877254469693,1
0.01911609442976403,0.08510348611978535,0.5213770214737412,0.807957328109019,1
0.4768434683178171,0.38559759251333336,0.8965746584690102,0.7677646177143377,1
0.6877220424305607,0.07103488904400213,0.19629430231106704,0.11396588711924116,1
0.7227069576982285,0.21079310155002862,0.022564511705347234,0.6439079570677647,0
0.692532431537108,0.22936577703767236,0.861664884699101,0.8343247957493986,0
0.13443512940812186,0.4691072110475787,0.5771170823879065,0.5773534012196677,0
0.29939558837168123,0.2685621674536426,0.8906584554618424,0.646407375228089,1
0.35871552541701346,0.10097810681776109,0.5969452234131726,0.4583634794263062,0
0.804437207679505,0.1674910890941077,0.8101610899597025,0.5287073198840526,1
0.278759872414553,0.14727556355209093,0.42967336335514794,0.034376858351725215,1
0.21070496386720317,0.9730767979122983,0.7498599312882688,0.6389630219732846,0
0.9574480190380962,0.7592925069184736,0.913041466889856,0.08144721289115919,1
0.0088632851134689,0.967761465269562,0.5721229637222063,0.4350145943402234,0
0.9978208556819782,0.43974048650790853,0.18078515056237954,0.2926550976674078,1
0.6768212988573956,0.2783684816626566,0.26879761503019817,0.5454279502117131,1
0.8284692994491171,0.7982931972091867,0.19864457689740578,0.13341633552320709,0
0.29461939634619316,0.3262539180411468,0.24685702759573291,0.6916434019733182,1
0.014315277667059978,0.2993833737053483,0.3064154493510364,0.7950115369284704,0
0.73786951856153,0.2325059922078312,0.5551337867531885,0.1633544497431565,1
0.8341445970006758,0.12967897822423535,0.5879916294638328,0.10431308735188216,0
0.7404761319535191,0.25646306101676597,0.4264997472418611,0.14551548278735915,1
0.1428502873008386,0.3553197484738877,0.6154207798208354,0.8771275618985017,0
0.7534279222569691,0.6739942081457304,0.08157492561136592,0.5281892617563562,0
0.768922782107641,0.06256484221945158,0.08778823705815997,0.4672609960075026,1
0.6585405156700549,0.21050693966534295,0.17182946035765845,0.10671181910235428,0
0.7661159327955862,0.8090236402916764,0.5180774980403448,0.6495560067569618,1
0.8459214396777321,0.14692192358377076,0.21399467869831357,0.8679995918950899,1
0.6136041142374584,0.34264514652252154,0.28328440349257733,0.828185869323453,0
0.08860471396967906,0.8646589218581401,0.40031283617299407,0.6260547089808013,0
0.48762780966721087,0.15492531114344266,0.8118661240103798,0.07527871665167363,0
0.07764933467160506,0.0827368356181899,0.013862135912860118,0.11239702717601296,0
0.40754303103243084,0.48453799508001083,0.6493788202366224,0.049308987109824676,0
0.40710648912562764,0.3024195112785364,0.6688765310406853,0.2574792164924693,1
0.06600984414024158,0.5634083644838541,0.7986557803566365,0.13566146716037775,0
0.3488205339694793,0.8038048904834751,0.9327529390603132,0.2600480402524339,1
0.11099809879131484,0.13714848815274316,0.020137848949289827,0.3850580557189617,0
0.8082352100092222,0.580699084554285,0.15378370551321618,0.9429827840711357,0
0.9476880259644708,0.5055087603898639,0.886171294055993,0.6103760597816921,0
0.0723164752579386,0.14407878601319957,0.45851856218701537,0.8349737856829623,1
0.9551152072917014,0.6239984855289824,0.5645906389334635,0.7103515007123322,0
0.5225765993367452,0.27364041786077165,0.6630272037231474,0.11250313052663174,1
0.2995656779538739,0.4878343185440125,0.6790666044956374,0.7359204063739488,1
0.07686207527616351,0.08227232427706188,0.9317404033165082,0.27509888155912443,1
0.5006242680704178,0.45958405721362305,0.9969494174116696,0.6391078469947064,0
0.7945155444907487,0.3064634680428203,0.7201574609309402,0.3409619736429885,1
0.7070864772666982,0.8223812111853543,0.2872212092051508,0.9976722632646592,0
0.05022601146397376,0.05697872699736828,0.8797524022943436,0.2635514794967778,1
0.07290183536790351,0.41860727491832994,0.04922091454076161,0.27913047077426967,0
0.4028732826326371,0.458431424131438,0.2310808528744962,0.9306722555623983,1
0.2952904940479433,0.7250060762991187,0.8973857174637149,0.02464440463632267,0
0.23238432305604784,0.574287575090211,0.25619151443935495,0.6966889878731969,0
0.2810044989087136,0.667212337194181,0.22065105962174847,0.7253263907358781,0
0.8034827432968846,0.7770492856517561,0.13812529314024724,0.8363785774103993,1
0.9292280536318539,0.8622029736581888,0.8591117576469165,0.9744393106384753,1
0.4051026945275664,0.3138754967224705,0.5000582591910867,0.9756019191566524,0
0.9061110021324971,0.538022705363903,0.6748932030541548,0.0652767575664639,1
0.32149570124788196,0.8401080784391999,0.23906638407502967,0.8218393227529025,1
0.4764369863437916,0.9894511309650564,0.7580404210112165,0.6463099336573813,1
0.22602899781599972,0.8895193110437631,0.7600055449620985,0.6473421343730912,1
0.640476042175844,0.3714672626243768,0.31259802490830013,0.1283499266146948,1
0.9789811151748089,0.19516651721865041,0.41068263301028285,0.6501871664456533,1
0.6034930960433786,0.4893925374065887,0.20969027743020086,0.9824825806012478,1
0.35781408411354887,0.7416414518360422,0.9765610233229043,0.911818569539447,0
0.6478174459905284,0.4925690707532976,0.6456025770584116,0.4391306608048505,0
0.12292067846538757,0.4831808633136685,0.9345438807155155,0.03994797328609434,1
0.8886590802653986,0.8382304210818006,0.30338554362913317,0.36229349000020483,0
0.5030839507798364,0.36140377906718635,0.7818909129968897,0.8263903116005552,0
0.44934974203964206,0.8597946748116456,0.765858643884742,0.701499101465166,0
0.5858647884535192,0.40680480095172356,0.6916556518665415,0.4593436555939564,1
0.6247838627894025,0.3282331056783394,0.9656389752668004,0.055101535158831094,1
0.07177580622651303,0.453989911199699,0.39355533610631555,0.4268947278233026,1
0.6826172212234024,0.7624469586748684,0.1307173235897573,0.4690249397178835,1
0.24193168031552958,0.12600202786399428,0.6717088592440608,0.928555532894136,1
0.7139526325065898,0.19641921587201738,0.7293098004772062,0.6410861035821595,0
0.8225347943841967,0.951444825663092,0.5750605734588147,0.3116529166546489,1
0.8039585075525203,0.17549162738135737,0.20681789313339627,0.5253182644507214,0
0.5525009674078891,0.5677273179310546,0.5044559416693554,0.06605530782216007,1
0.5201698923107512,0.5793144666619379,0.3121897365691294,0.9725682356497368,0
0.14287596133941172,0.4896244620502448,0.42746652816668906,0.360059901930726,1
0.7753461504031356,0.6447452485768186,0.6452185758446639,0.4778673549131358,1
0.27140938044671437,0.22982672579761843,0.7452147426908345,0.3552839742369226,1
0.49669542281794654,0.5526622677767482,0.23222469090134312,0.6825117301162001,1
0.2842740929275167,0.37217325524689715,0.40532536064695335,0.662232158329593,1
0.13382836299969314,0.661667259629189,0.2691615709916292,0.7153223105291356,1
0.6295576968917366,0.14122354337314946,0.19863161386186912,0.26814322961192083,0
0.05433203482290383,0.5708774168394762,0.7833872199958384,0.315668481164066,1
0.7486452341262,0.1852703553833237,0.9092526944369924,0.12525123109620795,0
0.31758679526111666,0.2786430631150364,0.3702321856845767,0.6555099718461126,1
0.00013469300448532007,0.21870980032358323,0.7512789243737669,0.03979712733565255,0
0.5111291392372298,0.1828377798688171,0.8969952893644111,0.5976823355234591,0
0.046851908527603126,0.825710951560667,0.8461242105302316,0.8696958848516338,0
0.27616955782089947,0.28570756766089034,0.1828133885392259,0.8908321482896335,0
0.7069764874557162,0.9271237818644493,0.9562918815133613,0.4490377603699617,0
0.06268962162186587,0.9699265253451909,0.37667644042946247,0.45930368821307377,0
0.8393384923560023,0.5712604699370973,0.33924066117383633,0.07696918300801736,1
0.003819922658583108,0.1430011226657264,0.062431327277780335,0.6707650254430357,0
0.24682386920190225,0.37454824337958126,0.486173654104883,0.8212594203728455,1
0.7409040561520714,0.797732263348214,0.10901361564092871,0.24465505460471304,1
0.3162701497293068,0.36739072869707046,0.248539820927426,0.42130088163336465,0
0.10189238806601353,0.08701721830278875,0.3169426217672814,0.8388393367652703,0
0.3602339188004279,0.5567849109281879,0.808826323491684,0.877120467662288,1
0.27039328638452553,0.8451208514960348,0.8754886503958965,0.24317998026422594,0
0.8427119021605549,0.7959263871435024,0.3024663174614697,0.5505706345413642,0
0.31334791758514313,0.17512314013035324,0.8586981212445739,0.19249315063582706,0
0.7889324717760072,0.6727646144124667,0.8572309373697911,0.10187876413955654,0
0.8918721448107347,0.2205042634356471,0.7646509503848735,0.9111205013919575,0
0.43381741957652953,0.21820753455217223,0.14669511401518154,0.8205075042321092,0
0.909943143854392,0.8740717733051852,0.690322846900729,0.7600349018031739,0
0.37731805396319285,0.24966895274023015,0.9450240645805688,0.04876631881314042,1
0.9640784164901082,0.2632473465180112,0.6825404787671571,0.8437287927102575,0
0.08928952452557293,0.0006533907612995549,0.33161684910783396,0.43804407590538375,1
0.6870192665032427,0.8706690341255177,0.5005793174308313,0.34239512329585964,1
0.49381404045692867,0.7925948132091347,0.6457250433510536,0.5464763610253764,1
0.38764880545564706,0.627328935090678,0.5105704087285036,0.09135324272355583,1
0.6327118787486009,0.7502657639388423,0.11995294173096982,0.7566465493523988,0
0.7038570916343312,0.1520485674244918,0.31206404465202064,0.5824350768882959,1
0.004363269650309087,0.45832359458757543,0.8023960305536325,0.18659009687316752,1
0.16695308874719872,0.3512193873487809,0.8614180460955174,0.1882321997690456,1
0.7130460506343187,0.09377652625701649,0.13730003271557023,0.18424865157267423,1
0.6663854135782065,0.4861304852149241,0.9523867523987246,0.057002387551933986,1
0.9660475051286772,0.9207396503426354,0.32882261784860933,0.5877984493716848,0
0.761037790250783,0.04005911905069448,0.66231373873072,0.8403481775885081,0
0.950772707731338,0.2914609134937939,0.7518251459566812,0.0174982139873886,1
0.702540501534807,0.20754093620570346,0.8119462346378834,0.04900464497127355,0
