feature1,feature2,feature3,feature4
25.34189666847008,43.02060444794259,71.51819376052394,72.60277888430139
26.296166198933996,45.732204352003635,55.13310580986483,85.0356666823658
21.680724815131143,38.862618700232964,55.880322565140006,76.40445274275407
30.24906047892963,40.003414094787416,63.910650007657296,76.04550309166224
16.100735268891807,45.409924046249714,53.25211894224234,77.92393116047364
20.17013705536116,40.55686300920026,59.104533574919216,81.97909890547962
23.464278779089057,43.67318772729665,55.07098095666087,78.57922451035601
25.97381430938469,44.47323593786936,53.13570274259468,81.75739950176101
10.108873753125948,40.23467451030185,69.48883508372988,75.26053641365507
15.82838477254209,43.8201489078643,52.28599242395177,76.83622485057481
22.982205687908763,36.82857076155298,58.82015006394514,83.72092855157517
22.107730417682806,41.33409198147701,58.304388603649805,81.85030557634478
19.381336599501218,42.289028049628925,57.51533987441011,79.0871551281023
15.05021103723993,39.824961949968824,55.94499568185577,74.42976774919003
21.293305739276942,41.0636988792883,63.91436867474286,77.8443721521245
22.04026423418378,42.753987861368316,62.223869039157975,75.8717315859893
20.746817411355945,41.82070148027331,60.03589233453971,69.56761170814458
20.8024481198674,51.06265519698621,58.19980365621509,76.35961451072339
21.86674279855699,41.56189105233286,65.96367582708207,73.71065922045557
23.65690126287496,42.95211030625732,59.289267315297266,81.69343658960845
25.147287407991787,44.36157690014225,54.28490343963136,84.10079093377742
19.676556974837407,40.364370490077576,60.36598495500847,79.2487850560087
25.958537485535324,39.58141020075394,54.402269358084155,78.03235072015136
20.893473584052376,46.146073921485254,63.015473424744165,75.74732360626479
32.425949583394456,41.3238765548899,66.37695368999508,79.24142783211386
22.666796223527246,44.197342522592024,66.09097355877128,85.28684152689112
24.360985000364888,38.42456634402946,57.141269790219695,81.66303755162099
24.665640361705346,38.886396496116966,65.32585982857194,87.2630837274309
15.418395404632902,35.8153964810186,59.29812470547332,81.53806334094598
17.377164931164746,46.76101339433572,62.12033430759226,80.1972352412037
12.820452380657361,33.42092091786246,61.40504625140903,69.33702186922582
25.063187048220357,39.2092307781384,76.21546484797366,91.53958125308056
19.092754653762416,39.468314987343426,64.97790757001015,88.5158630495902
11.809854712819917,31.06812267322657,56.889825972228095,82.91368791586932
22.484367952537987,45.348857274919254,54.00151235817346,68.41928068515561
24.290070976510727,35.859018635173825,49.90756067805681,80.72531872979691
23.965878441093388,39.38971433939361,57.710758069087554,79.20318883927047
18.147086187996084,33.259764440299165,56.42659661504784,82.60639952506907
21.6083927068825,40.8402990298341,55.0242575907331,79.09248418932167
9.114674767785726,40.89238331942695,67.14428853906784,72.62933933978947
17.070361633411224,41.64553389355065,66.26421317213742,77.75887691849925
16.538748353670517,30.155384287919585,60.517190646540534,90.21038020071872
21.38679230982338,39.888605104081435,61.61041155383493,79.94453998025699
15.934928138699352,44.116399578388524,61.12880761555877,80.08806625966828
15.123169863608751,46.517539659673794,63.32351372666555,77.23539581316349
25.009124268409685,37.51214580807397,56.08998253744482,76.20148441259856
11.144657234559544,42.357711902091026,50.84427560830825,73.8577808436712
9.622059954607334,39.569651536045534,59.24839769864064,78.36651893406818
14.787111526647118,34.1388312328168,62.32184931773287,77.24724034145756
21.581791607680724,35.57375656937889,60.90531371385541,86.51639018658032
22.930829001963918,37.9379309089176,61.285994851779634,78.79667412734894
20.03940092347364,38.37194473925748,59.17832397057305,81.06046676537088
15.033206502090247,34.920605865050106,53.05728723084395,71.99864447748145
13.913586538897604,40.79731253402065,55.53606242254058,82.56807232115548
20.17356874376281,30.15747893280973,63.27487792110845,84.05399322795854
15.030686625825734,42.10095771447496,55.71750881295401,80.48835188374167
13.677507965225171,31.034467737327116,58.085914051935156,79.38135526862582
18.01160153192698,34.0798472088872,58.00050468934432,81.34647376290367
19.775534849387316,40.91250515299607,56.64942399772884,85.8585895735808
14.119133317226098,42.437801485433596,65.9094554647998,82.40454046374448
18.98737886467585,37.358514766685104,65.18043825523128,72.88512537369164
15.149378698101781,38.01221117254139,66.18826878755999,81.89883818020448
15.159771207448774,38.44846147307548,56.928384279518525,76.45105503883232
24.894447792783897,33.14128435368247,68.04390427867187,84.14114845092311
25.45430835301849,37.68530243987371,59.250296404604455,72.83424092737644
17.376687964665983,42.468274238215756,66.48031530890698,74.46421591598774
18.17247031507367,39.24350389883739,53.021053989037576,82.956746208792
16.380048341286955,39.02304824411488,57.740253140440615,76.05330747140162
19.964775072597227,38.92195210715989,58.14071058860667,76.35769189159828
21.597623353914777,48.26808634246142,60.69943616419564,84.98059107455565
13.048890374232688,40.788807196468845,54.513158405144665,72.61537536234049
16.30314296270482,45.959496672067864,64.75007914334823,81.215023610272
12.336497200550346,39.018596743060314,61.50850004450868,80.87768114789299
10.78103208259627,35.54841075990064,59.67961117925642,82.68145454758594
9.019360894500268,39.18938012260071,60.71524384939476,84.24805994258107
23.464287921187182,42.91285659404403,56.00029746649033,70.45998931438346
18.034736214692995,45.0081591260428,66.96727263762216,83.55274551148892
22.14670411400867,41.898198241929826,57.219406266196096,79.3496985322319
28.345347629131656,35.28720997104062,68.07389395354926,78.3898592275397
26.62716054547539,32.96592495251231,62.92952100582325,76.31614932026189
12.923664040379062,41.09267021205473,65.04735894297984,75.77529280703251
12.504920197707994,39.540776178325224,59.562823356114095,82.7415981377725
24.747972856822443,39.70292409363753,69.27751657397131,81.12117372267646
18.267867469965502,31.94216320448586,58.686702398419165,78.31806527294432
24.80152398140735,42.31241812033427,54.10315439183692,80.86127193205519
23.357655858645266,47.640156796939166,64.4375198370703,83.8042332715574
20.30042997307582,41.94156002711725,66.2475245035308,73.33611301260176
18.25280336391522,36.137156256218795,61.89576559363062,86.15111087825395
17.01512856639463,28.04847816265281,57.93889627487765,84.56736866008703
22.688149514749398,42.14093123905288,58.6000334906276,73.60484631890107
22.576471608122336,35.828590949826875,70.92048366690229,82.85253604177258
17.096758487230247,36.94307376305686,59.53527896693206,78.80249038989125
25.584168877649773,40.93208084872023,56.34184130545736,89.45220342577892
20.246541657601114,43.844198379844485,56.958867462776205,81.81557813872261
21.555549955715975,30.551753539519236,70.0763755523032,86.45322230461274
18.01402341927006,34.48865129772072,61.73780806901776,80.43348849707198
21.778344742816145,40.95788698097045,62.53120494652963,87.23652849695904
22.840516025643232,34.751722505450296,66.81281426356226,88.20307281744144
35.760283672560426,34.38252983380201,61.21441006575137,69.58950648405506
22.765745781896044,37.25899850916613,69.61722897412477,76.1269251499071
11.554084810163692,37.6436812964874,50.12256114391431,83.75549727253654
9.674584768718397,40.14228790591579,49.610940900719015,78.39851097731679
28.21689077902267,41.803239457178975,55.68253197517533,79.84398255530458
20.09008436022223,42.36315172921703,53.16570818359587,82.96283636923665
6.4780418419861245,36.850577238180946,57.558630787742274,83.16663413035619
20.113154263384345,32.97218473071857,55.07503437091492,80.99340004773704
19.60466329067722,37.104379451821266,57.595831052440104,83.48083998579645
17.411537135653926,39.559543779854636,70.84968294040272,72.88158681558039
10.740786342126707,43.91794832399303,56.606784693529484,78.4088123612869
16.09421810934443,38.700999296162436,67.9926905604817,84.0106422930906
24.311117559434884,32.91886472103677,54.24423131723565,65.80460670257287
15.95309589458623,44.78351593192829,62.58473257874186,78.89243368523938
19.888498581409735,36.55557228712297,61.02379441200892,83.82939139740307
11.920566062947636,41.49823843918674,64.66217435477334,77.92449855518315
23.503503060602917,54.07327222236276,59.47828603506554,81.96653525002662
16.309714581693044,40.906255813010254,62.301358124911516,80.9742117013507
14.901523401455716,41.03180885662725,67.31097969358818,82.24317882257263
24.809935945359207,38.81494014993686,63.749501197118555,81.39633919108263
15.245446351563839,41.59260502399437,55.041516682798445,76.83559862557604
20.946641536461872,41.48622136690062,54.05383767461436,85.26992885591439
22.860031391502364,36.476357821945584,52.31207601775412,79.27547710459284
17.770281430694197,40.56570228526511,58.184416694222165,69.96271569627496
18.058265308494207,38.471904444658435,63.1683051238703,76.50900162694475
28.393373366862832,30.441797246741217,66.55583748901313,78.87840514560948
24.297924361717783,40.399007420293664,65.69777768012734,78.06319017723594
14.506897874110939,47.10252143635532,59.43259677058929,81.10779236812105
26.173759570223975,34.840223789527826,62.97745448819629,77.05052621768554
19.33915322177814,40.36139482692145,52.49889069276532,76.10581478589782
26.755364462065696,44.43095594292398,59.686802113363825,81.21561729256446
18.52878747181771,46.78291692913991,58.998237111029184,81.15921046067425
25.730150720710327,36.11314257577047,67.79394592248447,72.34769295128312
28.148210655563993,38.13662208024013,58.786506260873594,70.54994914408529
17.726026413111537,34.800967344865576,56.961768273132634,79.3134451710556
24.78895807236453,41.03801675700313,61.53838326700557,74.52240305577219
15.59622955198635,48.993625091756556,56.323994826183764,88.28104126028649
18.784694005595668,40.01143968071752,65.35182580114964,86.35946210969328
19.44593719860456,38.058784732392304,59.72039775738894,81.68978764116059
24.456518434348776,40.021149294970755,63.09443149011577,88.19179866135471
21.906548061323925,41.55826428002389,52.40544587454966,66.84634931585468
21.94187864615084,39.52587884359564,57.426086625426294,81.21765102093173
19.697981354015457,45.63890125316949,60.43055434129489,76.26538357464916
24.950831194796443,38.91434462526899,62.63268341836154,77.612946469036
16.75086557251282,40.42084115092848,60.064143217718424,82.39913517683416
18.656771233451288,30.81820108114801,57.836130582058054,83.96909233571908
18.513119603784467,38.76808298742726,64.93188252952969,76.44013386370538
12.285983908785502,39.19684440237253,57.57913024375632,75.16876840123373
19.123107720506546,42.45752823623392,59.95355719216092,81.53490536343119
29.067038492577115,38.28560569221218,61.39174317322335,77.45393318700432
15.768201400565136,37.07546173291115,57.606207142391554,81.79737898773563
31.745378933503787,36.419782818620796,57.916873471922685,79.68438493444376
21.978994243548737,41.317754059773925,66.42047896974059,67.86803964732395
8.065350649021637,37.52060913994925,65.48650093771855,72.17175984197202
4.961838301531214,42.85589703109604,61.218286118513575,74.54895796600285
15.07230199639535,35.15128140182663,60.5526765873697,76.86842361908496
22.470319594877598,25.726866685478043,55.715740674361,74.36973019544475
18.71829660813754,37.30976120754931,63.989218899478836,70.70331614169972
20.22745738165376,42.791682116058524,69.28323718280977,77.59117014453263
21.622293021762584,30.980686037188175,48.04021897843488,84.2238718789085
19.97219853175965,45.892563448992114,53.13298555515125,82.59951069764377
29.344089202719267,42.09852804178633,61.38290752795525,80.04278040412174
12.145592714370439,46.77786467855174,56.94571180097467,82.52241628191508
12.184828467143731,34.1027016774611,67.17543699611117,78.26348855521078
27.266377380212724,39.60884670470741,50.790511135210714,84.4603379986586
17.05053841122196,43.493444067585216,60.12605433770041,72.28440886028565
20.821473826852845,50.981115710763994,62.4649322925723,79.71241123497269
25.37671700978449,41.05334232601555,61.04767115131397,74.54187413920448
21.16924012894799,45.177217082084724,55.81968923949988,87.12247910623474
19.54146987927437,35.561152442307296,64.98816038460123,78.56602882130865
23.79757443743054,38.54120683870731,59.70086928235048,82.46780102167146
21.45448528795003,30.022341097741307,54.393781299528044,84.64704992395407
19.339317055492263,37.38134348614289,53.20712992371263,74.60131839362076
9.891006800190263,39.49359640649234,57.007812097094764,75.16706054507343
19.659382874160233,41.81985315426369,70.46598966104972,72.44058290218393
25.79690521650261,44.86550780507536,56.1045363031165,81.01617977293016
17.711833753311925,40.92844290209369,67.54565506702275,83.02803116315657
22.54304186616721,37.84845340022679,52.57971667537832,78.95765894729796
26.033040774319574,32.36416071705176,54.724553159116525,80.63133868117033
15.076726075763688,36.03738276442394,57.882007091359114,73.17191297904925
15.129390768918158,43.51713958393654,53.46315108884518,72.01063932752581
16.84987510233053,43.659777512549226,59.01539096001555,77.67709460942191
20.221793987578035,31.27146283570174,62.473528268875164,81.91717515701822
17.953457629521395,45.02962255898208,54.36251950523481,85.63954496626785
20.772468327976256,38.31723705060913,59.90063182315844,79.46367617094529
26.101414482088586,34.616604362644935,56.18740380426701,85.1815144603624
17.022325324080704,44.50266538665796,68.49717991504355,77.99102486529183
23.406811632876526,34.231538593300705,63.773666490339046,80.99711992993383
22.365191410801074,36.772139639823024,51.69458292216414,82.51626032374753
9.682984237602728,38.413247538787324,64.70590933209985,80.95948867936518
29.741713223949066,45.12554576290887,56.730508058372116,80.13656689925719
19.76314648727782,32.08911618326936,55.29800541757823,77.1961954651007
9.818897485720317,40.23746734125822,58.754640776734796,71.63553049344213
22.02106432638666,43.5793637234548,61.13517239432444,78.37965912395515
22.957210758759274,43.40110180238346,61.537017848598445,75.8769387478262
21.383003827555903,45.977403254127395,57.01685470694135,90.48969669566216
17.37184533007308,40.16203506670068,56.63757201996832,81.1163541796013
11.288891536823623,37.269791005916396,54.53939399825717,80.67669173946146
24.97223687754454,43.230030935572756,48.14170319570554,90.2103482646394
21.47639970310434,36.117504297535,60.7856395949547,80.88094911251346
16.665756415242182,40.989583336710375,56.962638561898466,77.97819003654989
16.568604321224576,32.836643551301734,60.72918235107692,82.92649718258168
52.57441798038186,74.09962626317618,91.62170105007434,107.33637250891549
54.198319322155946,63.21241230079033,85.4966430874376,105.17899964288378
55.400280295696554,74.71394257070038,92.43652618522498,115.35964932605899
45.60358608794006,71.7429755993049,89.37412785808418,114.23441051942457
49.42387883723901,68.0752855579496,92.70454259280496,114.38084583595617
46.65827402576599,69.69462164323812,84.70779683179174,97.50969491253531
51.002298157068644,73.04452678127316,91.31033404543362,100.25219141122817
48.245752849617624,58.908261199744594,96.84850553827093,104.56972708940957
56.27701804729948,74.72934821842072,85.49704823731969,104.33607524366127
51.75185108193169,65.77837981408464,90.51242321079104,107.58586204596541
41.09420792767183,58.84765990437771,91.13342124247299,107.19221126834687
47.23455091542934,73.47931919546893,95.86721138316223,108.63727639319096
48.29700646545069,72.50071516556942,83.21532215150212,111.11576527373849
52.75942985911077,73.40115104208815,80.31623648748767,106.1932236509553
45.608683735882664,70.49943477204606,92.40372289883992,117.48355203722991
47.525172598159635,67.51213750845393,95.74836009439373,111.48288469265152
56.33825755593987,71.44364001504918,84.21441690643364,103.33435822611096
42.242438754705354,73.31025917379236,95.94298411543504,119.24681070693191
54.2155266616162,75.81419288767493,87.09991833673158,104.21792091628072
54.250396662087766,72.088403761197,90.53722187170446,111.93685740316495
51.61592741229103,76.41908429926781,96.47492792408478,112.72110176170173
54.22901436281464,72.57031276212388,87.6941513398269,113.7828233745657
43.027524655703694,75.26945776147942,84.02738530116983,111.42901643397366
45.77423020786921,72.76694491537214,89.83037387036046,102.02622020918334
52.103498155092396,67.11039611583645,94.40573360406684,110.00662844367204
51.97710492694019,65.21215522492395,87.05333884286318,107.70680681949457
54.283512401212775,78.38688543902745,85.97414124128562,115.3842407232884
39.15161291137149,64.02905299453855,85.20610771906613,103.23745655279639
42.0820580510621,72.06499456068899,88.92966151136069,111.89702698802554
53.45236343060756,71.32808496586267,93.28881588075187,109.65233856878865
44.06503305847128,75.28907090410398,87.05443933609436,105.32201850618787
49.11041062097801,65.43594540351744,87.91284809005283,111.72026960781733
51.74170869623063,65.51084966787185,87.56147313525628,115.37166502385122
52.482000588669706,80.37532519674271,95.90064086870764,115.72146534279969
43.06065724772099,73.81930175816711,89.73446599151545,107.24509098230875
50.84007670266264,74.72605767305741,92.50415795502106,105.6076309932897
53.7122945679631,66.81206228962019,91.08341559482143,108.48324966261433
48.90566874132187,73.83121487520255,84.79903140092051,119.72597537138466
40.89456965352752,67.01166158372571,91.8510594497087,112.92157083217656
49.49762139714147,69.71304648499229,92.05275042663808,108.8446526127116
56.96590628967453,74.196745571158,94.36412175502818,105.16921638314791
49.60305787797149,68.49767025639647,84.97199312155267,111.80082091972884
47.31177121110092,73.27701914925119,84.64904218552834,118.5952030642091
45.518336707039694,71.09651168600217,93.95929655194034,107.14679784899944
54.262343217164755,63.85408201099792,97.2605884959128,110.07074632482879
47.0179429601556,68.50409113786283,94.0445963469636,107.07772354074781
46.253211552886114,68.8923170120813,84.11518943615016,119.10271953970908
47.16802704392639,74.15808393090202,91.04735041823886,105.07732974759016
49.970226453936355,73.92001389655374,89.05869332456847,115.96556472925514
55.10757696390932,74.59457427329164,87.70171613863502,104.60078776109256
46.93206197318603,70.9812047033336,92.72893356766178,99.14214297619776
49.959433991941246,70.79044612661592,88.61227871842225,116.45636919507939
52.10890037125436,76.55095954040449,88.92019739824885,114.68738746253463
58.17533197263759,76.5584672463633,84.53929203285634,108.7316196122881
48.274176472751016,72.44627267538164,93.43176777507267,105.80553662987131
50.33919256958469,59.90036333921932,97.20972502900945,107.43812879661654
50.279319699222484,68.45175143005969,95.73013787506707,95.8124677930131
49.916948288370456,69.47090621251151,87.73181806204158,118.63113272817816
45.563352705721144,73.8589808861783,91.78126394353042,116.30759626267758
46.66405457611247,66.3351555043812,95.48034953738699,112.12660654165055
42.27531326661621,67.30347492768365,91.93191326924031,114.18882110773295
46.60384673403522,55.428720050915295,92.61611592868516,103.89839655028013
39.913306009387945,55.83837037507929,94.06990430098871,110.64308725202483
48.87171809643874,76.9451218148138,93.18662341511536,118.08150021360959
43.03632263916502,69.82724688023018,81.91643312525993,108.85308834072266
48.756920731166616,73.13306818631536,90.2278194057095,113.11703569139958
53.517200665694475,80.77464338691571,88.42351672356938,105.2948864966681
51.23041807658204,65.98859986430229,97.40980384218268,108.58390980527383
47.17211816063005,67.64342139424441,93.5920871173582,109.21126508384258
46.79166589934809,78.32675958811765,85.71915079669125,110.17783037016497
53.26153075805115,61.84332444791463,92.40130250702963,104.72446162259776
54.11391390417001,65.18674494040512,93.4638451592443,115.52916533147356
54.30718262816403,71.25658324119051,88.84349528535151,107.11790211832579
57.35517345408552,66.50252389916179,84.81466963215001,113.32684467516415
46.019315984067525,65.24968251266937,82.78197868915117,107.58545080269741
49.586424880517534,71.21545863830349,94.75653122149741,112.63448961832897
49.0456389022341,69.0090216181014,92.55078734457592,116.36285081464285
50.631570997416,67.65434572894796,85.03566999457227,102.77397367793887
53.33134836021762,72.88989261819779,92.88681762553331,109.35670276823971
57.03467372945875,67.57940752707592,94.77634618603602,109.80628552505229
46.95824617660331,72.96265153658881,92.04818059341997,111.78486379633463
50.406392110281,69.81053459141584,101.94185996435219,115.92128322598086
53.61413447492756,70.55899579101694,95.03578600298334,112.58997388195726
50.131023763870175,68.48217837367042,89.59541331168656,94.14787132060972
51.05300419648821,67.5576195994482,97.96334999141442,110.09672035405877
44.05518290232519,69.75059922935941,84.76939457468748,112.36703707856233
51.45473682169742,74.78919815554134,86.04559104152717,110.17004048114073
43.174891022866824,73.50747390962357,92.5943559022006,112.47902510513785
50.008095156784705,72.07386445394395,98.02169554154298,108.57452871478993
50.693225918550425,64.56936850409295,85.65869519200834,110.48906646546654
55.519667733509536,68.71859587874214,88.82041735343938,107.96557377747813
47.32621664577839,71.4748572785441,82.51371177410678,116.40469788333364
46.672888509352696,73.60951742719071,83.65000701303062,113.34420065273109
53.359723039072485,71.92101036002948,85.02785739100104,111.24774094799038
44.08471907632806,68.73618372451908,95.14706550477663,113.98350963535371
50.075914712702165,65.1259671203858,93.22793856087097,110.09690618849012
38.39842200884789,73.91314913158259,89.87883583065154,116.01225623991536
44.52364740578598,54.11648093402,91.39541929172593,111.45781838340986
41.54664186196774,65.10750227066697,103.77608871859951,108.47194692923098
53.65479488188108,66.74670086315808,79.54848550573422,109.14870876602048
48.67197719856947,68.00060880665814,89.42679582246804,111.32134135822818
49.249415243730965,63.679969160263184,92.4309239578097,100.25314122338789
39.748212713579,73.69590247350784,92.53510136067679,109.71302317462983
43.02275747622464,66.46044529662963,88.68626626156748,102.02053015712943
46.304856709883836,73.2616516908834,97.13652682144608,107.90282623670724
53.782441771580494,60.42969964706266,93.29725620556806,105.9802579263626
51.53672808353985,68.76123790880145,96.60207004891917,105.62782175830041
53.13803148780916,68.60246268351733,89.20847260995168,109.08073053420395
45.77163447752943,69.92950517046664,89.68675888939089,111.20620124203364
50.422525728464315,73.98997274806118,94.61754308023684,104.746883390861
54.343862502953854,64.06831786445073,92.93927944068868,113.09869392351435
40.44341554168748,70.46489623264705,87.65751943319842,106.20617371032313
56.75426165349503,66.7316042968129,85.96811535440975,110.37847470002546
53.42794873149208,69.29175706994937,95.83185272834626,112.65487830982045
39.10894340134285,67.35266518246496,87.1907895032415,112.39680476714712
36.87591471812944,82.74504854358861,92.65513047447105,110.74438401958845
55.907838582095735,81.71827026406312,94.35373322294201,114.7440654823581
50.653450122321914,69.29237123316526,87.62102277997549,105.86944004142728
46.56492950150251,63.24722017828508,89.62064274657489,101.57666211386807
50.954582620718554,69.81834695978829,90.73467649193344,107.38934214990003
65.38430185090252,76.80057950090156,83.77728749957639,111.16434043713448
46.959969285313385,64.92760136646294,83.29963964438032,112.16108345379627
46.59309882465213,74.83913012012601,94.96891107265219,116.86957192605725
45.738066169629484,72.37682805346004,93.16227108321151,107.62910912448018
46.14114021303563,78.04760332887986,91.13747937866027,113.17983875355868
45.889619940860364,63.90357766738903,87.15275112753945,109.37989306305002
44.67889996591325,69.95077595674809,81.5574740596575,104.39976288765064
53.35455624138437,73.01895260138947,88.04061617306567,104.91117845461524
44.862982242369945,68.13365877029344,93.22259245822646,114.64122845672162
47.517341322590156,64.23253787007609,91.33921818933166,105.88232514687076
47.40873680569399,76.62638045218519,94.13557714282884,110.78987156125726
43.64040499443639,71.05698283735329,95.31328645393764,108.12183167117232
56.75557044993357,76.46372644759103,98.31866416071736,111.52621563265676
52.93695849903006,77.07093644165545,92.23696968534487,107.49382946104893
47.757285817360696,71.1927747688687,83.5471928902689,109.28370542317904
55.48273559115127,59.043730744173594,97.67241050897258,115.6118710935158
47.701176920847615,72.71695413935905,90.01573863453163,116.14995184219342
54.91341571384971,62.999646384084954,92.93631206732088,108.97186073178376
50.4141628525905,66.35914049515092,98.74068534560418,115.20030909951288
46.30114418013516,63.32694696544884,88.07163684511076,112.17251323045653
51.20102921973111,76.26566412384122,93.94959861090426,114.84784512876453
51.63427700305218,63.05350634894505,89.02150734426549,115.30044869954332
49.74238535737677,72.51545184311874,88.40625842376933,104.85094075729077
49.383279679769444,71.54523721516327,86.72156140269279,108.82144377571666
45.302683790070084,75.59622458782047,88.52772121205983,117.26377772563092
57.64373925270454,69.59477017639128,84.95775633726325,99.57051061133332
42.63981463486604,63.1308258755067,96.89234813730752,110.57912293613472
51.94802262045994,58.89789495532437,84.01016785391369,114.43539888223144
51.43387056191293,69.26397360657201,92.82421179300061,118.17898903067908
48.89478768231475,70.34684901329035,90.96298459365653,121.96054817636997
39.50321867790487,73.41611507394404,89.42598875620469,112.8338586309209
46.713137230026376,69.75517484570774,93.55705289732748,125.5645510052192
54.040180947010356,65.75967200984746,87.88120158988649,107.73292945808073
41.021784136849924,68.3495490414928,93.66414540910873,103.62883940461603
55.24241325525296,72.43887410542169,86.32883339014481,109.29235181331076
57.99160903820517,73.66773906752933,90.04391827449074,108.81158341519507
50.3830453522583,67.44118221028849,79.47625247140493,120.21088955267365
50.776624995997004,71.99073632561269,89.71046125061545,106.32441599637706
49.07037759525615,62.003026189028446,101.38543249026652,103.82744000788801
44.8401685807641,67.798703978068,96.44037862426188,110.07254499631327
43.81932101984769,76.2716918037867,93.65500313392741,112.69217478608226
53.5786712058542,81.97180950291225,100.92547447518056,106.56642328498353
58.11942496405576,71.9158409487945,92.49547908068875,101.53864584178336
49.14807117305902,65.93588204831718,94.14029407446654,115.35540250201403
39.62756824491844,69.88982567997864,95.60930752397127,109.06660518843277
53.64531822501182,71.75582733813542,91.70830115976314,108.64342510965851
43.91709597932145,64.39234926287486,93.54676257227659,110.09729127759442
49.30743877696388,67.88054978838824,88.47405577259624,115.2345589724407
48.32377959065987,63.29467643349216,93.71825887770086,108.97561668067641
50.15697932766388,78.03789153199756,89.89719721324747,111.44591836559363
44.10538254350837,68.9016527382452,93.04763022604301,102.22313133079379
51.00422546557855,70.50395536322404,90.2064372779372,115.18579449329121
51.67219257424261,77.39035949178222,85.03205242202982,110.67962283609174
50.42233393194974,64.6537275312246,94.78147501045673,121.62336652926409
49.914969627580845,72.52510544136884,90.42259237907663,106.43207665046413
40.89619861098992,66.47113258452318,83.04020809524134,118.52051039029558
49.424451530383806,68.27040335476414,94.44576912393903,104.39124448572056
46.165679809977235,70.3403613462431,95.14384495711741,112.50842522584394
51.24162571257941,70.39058867618009,92.00117927763388,111.00826452564627
44.850138626115324,70.23039610816576,84.63155670541124,110.40541271450412
47.59676029255879,82.6969081139143,89.80052808124144,102.97880216869206
49.329098946615375,72.59679372818944,98.36681973076261,107.0527380003064
42.087860129881804,74.08418505715491,83.09700647050174,107.81922279246257
48.71189757244503,69.65183273349946,93.44582228537168,106.58182858856806
48.631353739166194,69.92864823525306,90.74798978759394,110.48913587353961
52.1800288761129,74.21919754820868,91.96317057825485,112.26792761754609
42.08888416626761,70.2511384958284,92.39753774000805,113.64470597285225
46.53824612883103,66.70480362555678,87.12949662358201,112.68206949945672
55.16940527462104,67.962699463542,94.53981156813525,110.61739904582296
49.37857111418782,68.94307885091015,93.73305682301078,111.62788908393534
61.37912713823819,65.73887678501337,92.59050851014987,107.35399495094244
45.65356506505678,69.94566431482514,90.68676239703518,124.59086777530047
49.07927092158399,64.34910635257658,91.36505358747193,99.62679981226816
49.540216086978674,70.0801264114758,93.97300191472605,114.86811124713924
47.482151905461414,69.24692992685033,86.16939584694664,104.35968722596154
51.54947389690317,63.632072257017,87.92686549714068,105.02413020050382
52.7484159314513,79.00715049633244,83.49206008598334,100.73490758551216
49.375565573249666,70.07848897978879,91.09329653378649,107.76839742382828
48.99680350587284,71.83755205270302,95.20215446322419,100.22475614840859
48.15530280484269,71.06904396970532,85.41011947694632,118.6558481588365
76.82295059885631,99.79353656496359,122.78011048421145,137.0435760559905
70.76713476097791,97.85672736541733,125.14720277963521,138.3155243660743
75.7678284927051,104.62836104751361,118.34612551988474,137.4491959317489
80.74728044831654,103.85375104809394,131.90856765866272,144.1361805382871
85.79919983194172,97.47016900506073,114.87065947015262,140.3116567480956
80.53584957629798,94.60743629317702,119.12352735047993,141.99658800859567
81.8019669750904,102.52143926692136,121.45482365068722,137.46495670364973
77.43049686675579,94.00524301003063,128.92387519592546,140.06725182309646
78.87573472102574,95.3560395927377,134.6782895116389,134.63335983888553
77.85576037196964,102.0791841814303,123.00106482872138,144.78966027607842
89.03804253884631,102.53078827730356,114.71984600016665,138.7152743743911
81.53916186256943,110.34113020752912,113.01097260787851,146.01288252612613
80.89957184773209,104.1891526761474,119.49002641682034,135.78783684936838
83.75436389700666,103.27215513552811,124.86028482869861,139.93347682310682
77.00088988340076,92.20606502488079,124.09686634069703,142.11944741221993
75.1710868356802,97.30713163351687,117.6662059402428,132.5850778400879
75.91158801697433,94.33084821596823,117.93760494056032,136.3065125083522
71.86497539566625,110.1129511528474,126.26270365514615,136.10490289240008
81.36210698326805,102.08732544910647,125.95542927386738,135.9069748666996
85.46053391991214,97.26047347896532,113.32068797915693,143.62068279657248
86.45379212061214,112.93954486765342,114.00137367454893,143.49459842540395
77.95099378103234,103.91679355262016,112.64755224384375,133.68615112150718
76.12062588416758,100.39482022834042,116.79459366730822,143.2952717195671
85.13447309128958,102.99788770622678,128.09393819830433,142.0791331472767
73.91551644829916,106.81688256769169,116.97421882197001,144.55209249842784
87.86867108277553,102.283440053652,112.51920593417675,135.40893916745105
86.61372233442567,99.15438657178592,120.39786767471082,143.79412208081806
83.48161431040161,101.3939990619273,118.95665814389767,138.43665777133822
84.28949412645672,102.76784765533897,118.71349999691105,145.4105615649657
79.35482942435108,95.74168912832803,116.20514650548327,135.10629581845117
78.63794991698157,106.16862139168097,115.97452409484745,140.94237880509053
76.71655327186294,98.69845479364281,112.44979394007373,138.8973088542173
79.03147310097519,102.70143972017847,121.11640456627686,134.00803937523978
85.42099122021772,101.05151520110998,120.99196758588744,139.95408823307432
77.4112127638889,101.08901169874363,122.37794217964291,131.26552154327223
77.30619581326953,98.72526514798206,121.28085302847138,145.96655502963563
76.14129592701609,97.51019076591079,117.43732944676725,135.9923620494773
78.26406752443869,103.85401109993985,114.73082252317828,142.13907197576452
71.49048884990832,97.19331001778897,118.35255349891007,148.37429836457034
78.62598847623656,88.99378263274541,110.00555546569375,140.1701479317334
83.06885427894954,101.87727928813626,120.83785052900495,145.81129798752835
77.30204389631434,104.47455278013413,111.83992557486792,135.47526083530965
70.96479302534092,98.62577349665104,119.76869391366829,140.5705074611326
80.30941676443568,95.36223334594136,119.04879577793392,132.51276665697125
86.81614487566125,98.48186963551,117.55556940478155,147.94470164222042
73.78876733225385,94.37206442984015,114.51889837565717,139.66064309150258
82.158158148188,103.69837734058916,132.85997658747485,128.75283772899618
83.04367794562208,97.21434713713884,117.06792425555614,136.9011393587306
75.45615164596013,108.42262417301725,124.21148663506952,140.11597989278687
86.755078762435,92.43735517350562,113.34647434334536,129.11016133902655
76.50292729938356,100.80849263352377,120.51429288966168,140.7467095552994
72.94471584466959,104.0157737130701,121.19813759119499,143.66527140732998
70.53618911204974,101.55745429398895,114.06117380041236,138.0133837372432
82.67182449318192,100.45546803127957,115.74230010110341,140.0313657809221
72.34232342378178,105.75133697949148,118.97357990251875,145.59274972127662
77.36734156451979,97.38212005796709,116.17906606681076,144.38086965846537
76.45284421335762,103.22297716207588,118.08773801165354,130.1201835005419
77.14842966106767,94.10445892818576,120.16951361841168,134.04796132162755
84.62987550357309,99.54462069823487,119.11202002620631,143.27946068893792
84.81953467037931,99.89950624115174,116.14399850225355,131.13015191943936
76.5697512148241,96.9139387667602,120.53528726496148,138.27426559430987
83.43966486025714,96.93508364364655,119.71479416573528,145.91993721598445
81.70912606977484,99.69981229155718,116.99027779032411,136.8338430164251
75.74693373524026,97.2949656710855,123.77832919372158,138.89055864353867
73.25113465309384,108.84084646529891,121.59982595572582,132.96528299743414
77.79075536379588,100.55443191414209,128.5229604664869,134.45943770870565
84.88020359677974,106.99743213486171,116.85672847462715,138.61243190569883
74.81845376313115,98.98269429459847,119.81705012828535,143.29824999041185
85.45091735510223,96.25951967689177,110.16337467887003,139.8937761036188
81.4676876498432,101.24708843842521,118.36663376245478,140.62376049831968
87.57722404176124,101.90867084481255,118.13315787498458,137.49901091452003
79.15073821161134,108.1836998091532,119.08349645236902,139.90102827739645
77.58843214531848,105.49491678720982,129.79918627372336,142.25306524715694
80.41386451892713,100.18391416587117,108.07846605607128,143.7257543214241
80.67083207997922,102.14171025330363,116.44268902958147,138.07771560511455
77.94487531748413,105.1081149203652,118.10620081698454,150.41330161054898
82.15431209507518,93.62158670002134,119.35726853374021,136.74162438921792
69.02808765089988,107.99735470056895,123.51571271110002,142.66603658949657
80.82701830149853,93.0899121565378,117.58191430222281,144.20890387392006
74.74389985108749,87.34115341874593,118.86446996109537,139.2912122298623
80.67781708207355,103.64259321757268,123.18802906115604,141.29384902621962
85.97765694043355,92.40515109593343,122.52290907238695,143.1326918166847
73.8021885695988,92.48564695658806,116.270289367622,136.69229278742355
83.76709731751215,96.92730608154453,115.71825740859398,136.9418313165272
85.59316167077105,100.06521687188476,119.10374487321545,139.44997250649473
86.4603016716326,96.25414136698379,126.57754145470052,141.05248149460752
79.19790309012326,112.50450248967141,114.72180255100702,138.23157120216496
73.83784380418,104.76230985268084,128.4459446682584,148.34961390702318
86.11974376573002,99.01189766102017,118.17379511255076,131.64415113752966
90.17936767590896,102.34489039074234,117.54021547565259,146.64028444493485
75.1361774162,102.03311017111336,119.13685432854582,143.19338569940152
79.6821323040694,92.74536054444388,120.37788186335018,145.2443207093768
79.85391797073008,103.87557560794544,114.77235257162974,139.86869603365074
76.87744772455711,103.73490420052354,120.15745781130998,143.45036838168306
85.43855213078933,103.45809287560694,121.36559217146822,135.00893870744298
79.9860694466655,97.33454798992084,118.27968021647887,138.12732924624873
75.10037212608877,90.21330705433004,116.65928475836117,140.9668972596208
73.25911477286255,100.07841118235812,129.5013421215548,145.1152827762612
88.21770754560265,101.95563938466363,125.83754911493223,136.38017634766106
76.77829866489007,86.30429896931264,125.9307273702115,147.70161989909943
77.23411377326364,98.73024146801383,116.23068943154519,141.91326775738744
85.6246627265162,91.28614013059479,122.04719265321125,138.61664114140427
80.56697195983345,102.29497000837145,119.05898780613589,139.4820657329711
78.9306241622268,104.85158100894141,122.09379980063748,141.1029176886868
73.64524139453859,98.10710128393423,124.49334580169587,140.18848286561962
83.29765734794569,108.83255900163817,125.19303034604408,140.4657916884987
77.44505414902136,87.2322520197205,119.15807538763573,138.36993752091576
81.95183097197688,99.23047386512656,118.39807470281603,131.1030053474639
75.30016085424967,102.3832552040028,128.57953815566347,139.51237308127187
81.63905536787061,104.76239078476402,115.94553031899875,141.83407021642722
76.29754946833921,104.32412219245505,120.75701523975866,141.4922590699072
76.08700701290705,103.53516179805392,130.42356460615508,134.96044152285896
78.30120496176238,101.15803737084046,123.93203105997908,137.20226857355266
65.8348485492863,106.79594747082012,123.80253059792071,131.2852623475667
76.96215604110222,107.84091214763663,127.23898209228933,144.6932001133947
79.11943783020068,100.41493709406255,119.34537097436937,145.6411989163442
75.62078796752445,95.97100172557897,125.05137293418008,139.77819272244218
86.89233677726904,96.64243896509727,119.72610819830588,135.38793507578023
80.03681340711783,92.607265315006,117.56183289522518,132.8187306753594
83.4696161659563,103.58294669879825,111.34868634757828,146.66942872750286
92.48707563209928,100.2300319336817,116.79442869887677,154.12165295501524
73.40515750848745,100.10053233434549,120.89811136315961,146.72573810226208
81.79869487563394,97.50683052105774,115.24407814806023,138.29089089876933
74.96536319527428,100.23912659892342,117.17901910069757,132.52981103355125
86.27572894187452,97.5116373828548,113.65931597512343,139.1587043275623
80.34185782983829,91.26766637210483,121.65823833562881,134.76421215654867
88.55514404595394,102.61980256038368,118.00050004945342,136.27416114841324
79.47516146218189,103.06395370791645,119.872529357074,138.91420596431573
80.29185145408948,96.98070534381523,118.28397036578481,129.571037805475
84.86863115426183,101.49398890160882,116.13272077983285,149.4936749067762
80.43508240196194,94.81928214012402,124.28368710735229,141.9902410825463
81.9728999274211,97.87122197674205,122.25247861889018,138.69120854889454
82.77970725822921,90.47527772994681,117.83063268510405,148.61077548904098
76.1646627229985,96.98080851253407,117.76019330775013,133.9259693205568
68.95859611885874,98.84706800738194,120.67929712040828,139.73747465730673
79.27560719026057,100.21520435425194,125.11420735775383,139.04776907035392
77.12958711456365,98.59437257555958,122.89673379878388,147.06013439271624
76.85928130415411,100.49466893514442,121.6917872096798,135.0371099663559
80.10208583606459,92.67163071328953,111.154748481303,141.8337320394613
78.08062629334609,101.0114020381061,119.91052511495825,135.117999756681
79.77372849017831,93.83449347492572,126.954861790007,133.22014827570018
79.02107364515709,94.78864205976376,122.85210586680398,138.3428431435925
77.40666640189394,104.26600772525777,120.14715295838776,142.58322222967985
75.09337031741268,92.97591528036247,120.53603981020066,138.40576822252635
83.13217336226973,99.60045773668725,121.02537669617315,131.88308735029378
89.44218469807129,99.17879007483984,123.487934851696,135.81954164890186
81.5400495110867,93.48577618237627,122.26033919129836,138.22012957807084
80.14595251967783,103.48987015065049,113.8372984438986,136.57754134693602
82.28662140543383,110.49110737273374,119.30958832669259,142.95568058961967
79.4651426507076,109.71122797378149,111.26389166517372,140.47310522334678
71.87227983218969,87.46714214731642,121.48731026558909,140.6974889807373
78.57581531128899,99.46902954980123,135.4914971703563,138.70912430984282
82.55062180625038,96.75317590193059,121.47616287520302,138.8088316247219
77.94740758635135,109.09449266100162,125.8859248159217,140.68373323699615
68.47894032028017,98.19495388373716,133.51513782202542,138.84669166680146
85.51608786026829,107.20971200976301,121.09481957927987,135.79089184065924
67.82343834108556,103.42081604304477,115.92621998588226,140.88075225943845
73.75089830205317,98.673812297649,120.16859527450526,141.34296790522149
74.42588906323793,105.98455474380677,117.01552607634014,131.62765269773377
79.45488290018268,100.1718765451323,120.8029471658588,146.8106620184254
78.8177558163207,99.40190187815614,114.48407809383453,144.10276751443948
80.92154532039052,97.89986136352918,110.47662653267268,147.22206097527544
73.86160017771971,97.04360995315147,121.79172255538002,134.01721035691656
72.53245110873428,89.38026208649667,123.60498476452818,137.27406877636838
94.63635046236665,95.02822467184563,115.3927448828554,137.17303514857298
81.21567327569244,97.64898330607345,123.06166107001256,135.10705805005674
73.09204140768209,91.00892630295446,108.88212916031401,137.4096549026247
78.49509843803389,96.84281486258408,126.21702898593581,146.14015104804068
78.32598506277749,91.03039443404019,117.16647445972474,137.0008930304147
76.7143251886097,96.51140548050877,116.73268552137597,138.0672919205112
76.82229450592222,101.04161254312795,121.8018435795243,135.44677456408755
86.35532663003517,95.09968849079692,111.91099693092332,141.90389035682526
75.9129593279283,101.60645735378694,107.98165699449734,146.96227970741535
83.36146704020202,92.49761725418499,112.60611438076857,148.36132952048763
76.31310048251021,95.82907575633688,108.66973952925359,138.24610897199224
78.86140192582124,103.57746548384742,113.00460785907762,132.39856603879696
82.25481317388238,105.03365035613533,112.14423824441059,145.4075704314987
80.18770920743411,105.45902669537323,119.64889819241192,127.38861041256024
79.2401630884198,105.30071909335635,115.53126990458142,138.06017515546273
79.11933248224511,85.50243060065759,128.35673787718738,135.49312160051412
82.52867716236399,99.56649431925895,126.2880952817968,142.03028061214042
78.82537864239512,95.5324245374036,123.9892535069107,130.63279348022692
83.22945210137947,94.50477624222563,126.2614183097832,140.80649771331346
83.22061883925055,100.4099440691236,111.23811452429501,135.69635418302332
83.36194668805692,100.83327908679922,125.90494952652836,142.01637281518586
75.1664905464867,96.01967931139683,120.51458695261618,128.42977966999948
88.36720942811493,102.2087336818878,126.13517298524437,132.09698029595415
86.22282580177628,111.15749455513874,113.39560822311341,143.85700897451883
80.00554972343646,92.27783075875878,122.46441985925935,144.16801602418676
76.99436723665576,105.82958260127612,111.66618296605401,132.52621926775177
80.68298697794376,100.12692638986135,116.41713255787947,144.04797217985944
82.65447157107975,104.29069535467008,119.38431782323866,143.0129013398917
77.77174848485002,110.26909345043298,115.93727114939007,150.52648714729156
80.17443973544704,93.1224455521563,126.84039675244301,140.6295069419748
84.25562049190118,106.11927959271297,121.68977777072513,137.03879577593594
84.87856688834626,100.00377753727298,123.4292890930421,129.2313471310427
82.23490858504925,96.80707087427484,128.26654818589265,143.11543673944547
81.19928872924649,102.4315499667511,115.00779573561641,148.11628345264026
89.95685209208452,101.96456755274109,127.95201784286819,137.15425900663732
76.01443216887509,100.20462374364462,122.1747051918395,138.0300665937844
